Value,CumulativeFrequency,Cummulative_frequency,simulation_number,parameter_name
0,12255,0.997557997557998,BASE_SIMULATION_1,SNOW_ALB_THAW_B
0.001,12280,0.999592999593,BASE_SIMULATION_1,SNOW_ALB_THAW_B
0.002,12282,0.9997557997558,BASE_SIMULATION_1,SNOW_ALB_THAW_B
0.032,12283,0.9998371998372,BASE_SIMULATION_1,SNOW_ALB_THAW_B
0.058,12284,0.9999185999186,BASE_SIMULATION_1,SNOW_ALB_THAW_B
0.117,12285,1,BASE_SIMULATION_1,SNOW_ALB_THAW_B
0,12280,0.999592999593,BASE_SIMULATION_2,SNOW_ALB_THAW_B
0.001,12283,0.9998371998372,BASE_SIMULATION_2,SNOW_ALB_THAW_B
0.002,12284,0.9999185999186,BASE_SIMULATION_2,SNOW_ALB_THAW_B
0.091,12285,1,BASE_SIMULATION_2,SNOW_ALB_THAW_B
0,11720,0.954008954008954,BASE_SIMULATION_3,SNOW_ALB_THAW_B
0.001,12079,0.983231583231583,BASE_SIMULATION_3,SNOW_ALB_THAW_B
0.002,12178,0.991290191290191,BASE_SIMULATION_3,SNOW_ALB_THAW_B
0.003,12221,0.994790394790395,BASE_SIMULATION_3,SNOW_ALB_THAW_B
0.004,12241,0.996418396418396,BASE_SIMULATION_3,SNOW_ALB_THAW_B
0.005,12251,0.997232397232397,BASE_SIMULATION_3,SNOW_ALB_THAW_B
0.006,12257,0.997720797720798,BASE_SIMULATION_3,SNOW_ALB_THAW_B
0.007,12263,0.998209198209198,BASE_SIMULATION_3,SNOW_ALB_THAW_B
0.008,12267,0.998534798534799,BASE_SIMULATION_3,SNOW_ALB_THAW_B
0.009,12268,0.998616198616199,BASE_SIMULATION_3,SNOW_ALB_THAW_B
0.01,12270,0.998778998778999,BASE_SIMULATION_3,SNOW_ALB_THAW_B
0.011,12271,0.998860398860399,BASE_SIMULATION_3,SNOW_ALB_THAW_B
0.014,12272,0.998941798941799,BASE_SIMULATION_3,SNOW_ALB_THAW_B
0.015,12273,0.999023199023199,BASE_SIMULATION_3,SNOW_ALB_THAW_B
0.016,12274,0.999104599104599,BASE_SIMULATION_3,SNOW_ALB_THAW_B
0.017,12275,0.999185999185999,BASE_SIMULATION_3,SNOW_ALB_THAW_B
0.018,12276,0.999267399267399,BASE_SIMULATION_3,SNOW_ALB_THAW_B
0.019,12277,0.999348799348799,BASE_SIMULATION_3,SNOW_ALB_THAW_B
0.023,12278,0.999430199430199,BASE_SIMULATION_3,SNOW_ALB_THAW_B
0.026,12279,0.9995115995116,BASE_SIMULATION_3,SNOW_ALB_THAW_B
0.027,12280,0.999592999593,BASE_SIMULATION_3,SNOW_ALB_THAW_B
0.031,12281,0.9996743996744,BASE_SIMULATION_3,SNOW_ALB_THAW_B
0.034,12282,0.9997557997558,BASE_SIMULATION_3,SNOW_ALB_THAW_B
0.049,12283,0.9998371998372,BASE_SIMULATION_3,SNOW_ALB_THAW_B
0.071,12284,0.9999185999186,BASE_SIMULATION_3,SNOW_ALB_THAW_B
0.2,12285,1,BASE_SIMULATION_3,SNOW_ALB_THAW_B
0,12207,0.993650793650794,BASE_SIMULATION_4,SNOW_ALB_THAW_B
0.001,12267,0.998534798534799,BASE_SIMULATION_4,SNOW_ALB_THAW_B
0.002,12277,0.999348799348799,BASE_SIMULATION_4,SNOW_ALB_THAW_B
0.003,12280,0.999592999593,BASE_SIMULATION_4,SNOW_ALB_THAW_B
0.006,12281,0.9996743996744,BASE_SIMULATION_4,SNOW_ALB_THAW_B
0.011,12283,0.9998371998372,BASE_SIMULATION_4,SNOW_ALB_THAW_B
0.012,12284,0.9999185999186,BASE_SIMULATION_4,SNOW_ALB_THAW_B
0.045,12285,1,BASE_SIMULATION_4,SNOW_ALB_THAW_B
0,12168,0.990476190476191,BASE_SIMULATION_5,SNOW_ALB_THAW_B
0.001,12255,0.997557997557998,BASE_SIMULATION_5,SNOW_ALB_THAW_B
0.002,12274,0.999104599104599,BASE_SIMULATION_5,SNOW_ALB_THAW_B
0.003,12280,0.999592999593,BASE_SIMULATION_5,SNOW_ALB_THAW_B
0.005,12281,0.9996743996744,BASE_SIMULATION_5,SNOW_ALB_THAW_B
0.007,12282,0.9997557997558,BASE_SIMULATION_5,SNOW_ALB_THAW_B
0.01,12283,0.9998371998372,BASE_SIMULATION_5,SNOW_ALB_THAW_B
0.013,12284,0.9999185999186,BASE_SIMULATION_5,SNOW_ALB_THAW_B
0.034,12285,1,BASE_SIMULATION_5,SNOW_ALB_THAW_B
0,12253,0.997395197395197,BASE_SIMULATION_6,SNOW_ALB_THAW_B
0.001,12281,0.9996743996744,BASE_SIMULATION_6,SNOW_ALB_THAW_B
0.002,12282,0.9997557997558,BASE_SIMULATION_6,SNOW_ALB_THAW_B
0.003,12284,0.9999185999186,BASE_SIMULATION_6,SNOW_ALB_THAW_B
0.088,12285,1,BASE_SIMULATION_6,SNOW_ALB_THAW_B
0,12185,0.991859991859992,BASE_SIMULATION_7,SNOW_ALB_THAW_B
0.001,12262,0.998127798127798,BASE_SIMULATION_7,SNOW_ALB_THAW_B
0.002,12278,0.999430199430199,BASE_SIMULATION_7,SNOW_ALB_THAW_B
0.003,12282,0.9997557997558,BASE_SIMULATION_7,SNOW_ALB_THAW_B
0.004,12283,0.9998371998372,BASE_SIMULATION_7,SNOW_ALB_THAW_B
0.005,12284,0.9999185999186,BASE_SIMULATION_7,SNOW_ALB_THAW_B
0.009,12285,1,BASE_SIMULATION_7,SNOW_ALB_THAW_B
0,12129,0.987301587301587,BASE_SIMULATION_8,SNOW_ALB_THAW_B
0.001,12261,0.998046398046398,BASE_SIMULATION_8,SNOW_ALB_THAW_B
0.002,12278,0.999430199430199,BASE_SIMULATION_8,SNOW_ALB_THAW_B
0.003,12281,0.9996743996744,BASE_SIMULATION_8,SNOW_ALB_THAW_B
0.004,12283,0.9998371998372,BASE_SIMULATION_8,SNOW_ALB_THAW_B
0.005,12284,0.9999185999186,BASE_SIMULATION_8,SNOW_ALB_THAW_B
0.008,12285,1,BASE_SIMULATION_8,SNOW_ALB_THAW_B
0,12129,0.987301587301587,BASE_SIMULATION_9,SNOW_ALB_THAW_B
0.001,12271,0.998860398860399,BASE_SIMULATION_9,SNOW_ALB_THAW_B
0.002,12280,0.999592999593,BASE_SIMULATION_9,SNOW_ALB_THAW_B
0.003,12282,0.9997557997558,BASE_SIMULATION_9,SNOW_ALB_THAW_B
0.004,12283,0.9998371998372,BASE_SIMULATION_9,SNOW_ALB_THAW_B
0.01,12284,0.9999185999186,BASE_SIMULATION_9,SNOW_ALB_THAW_B
0.019,12285,1,BASE_SIMULATION_9,SNOW_ALB_THAW_B
0,12238,0.996174196174196,BASE_SIMULATION_10,SNOW_ALB_THAW_B
0.001,12275,0.999185999185999,BASE_SIMULATION_10,SNOW_ALB_THAW_B
0.002,12280,0.999592999593,BASE_SIMULATION_10,SNOW_ALB_THAW_B
0.003,12281,0.9996743996744,BASE_SIMULATION_10,SNOW_ALB_THAW_B
0.006,12283,0.9998371998372,BASE_SIMULATION_10,SNOW_ALB_THAW_B
0.007,12285,1,BASE_SIMULATION_10,SNOW_ALB_THAW_B
0,11881,0.967114367114367,BASE_SIMULATION_11,SNOW_ALB_THAW_B
0.001,12233,0.995767195767196,BASE_SIMULATION_11,SNOW_ALB_THAW_B
0.002,12267,0.998534798534799,BASE_SIMULATION_11,SNOW_ALB_THAW_B
0.003,12274,0.999104599104599,BASE_SIMULATION_11,SNOW_ALB_THAW_B
0.004,12276,0.999267399267399,BASE_SIMULATION_11,SNOW_ALB_THAW_B
0.005,12279,0.9995115995116,BASE_SIMULATION_11,SNOW_ALB_THAW_B
0.006,12281,0.9996743996744,BASE_SIMULATION_11,SNOW_ALB_THAW_B
0.009,12282,0.9997557997558,BASE_SIMULATION_11,SNOW_ALB_THAW_B
0.051,12283,0.9998371998372,BASE_SIMULATION_11,SNOW_ALB_THAW_B
0.069,12284,0.9999185999186,BASE_SIMULATION_11,SNOW_ALB_THAW_B
0.436,12285,1,BASE_SIMULATION_11,SNOW_ALB_THAW_B
0,11870,0.966218966218966,BASE_SIMULATION_12,SNOW_ALB_THAW_B
0.001,12149,0.988929588929589,BASE_SIMULATION_12,SNOW_ALB_THAW_B
0.002,12218,0.994546194546195,BASE_SIMULATION_12,SNOW_ALB_THAW_B
0.003,12242,0.996499796499796,BASE_SIMULATION_12,SNOW_ALB_THAW_B
0.004,12251,0.997232397232397,BASE_SIMULATION_12,SNOW_ALB_THAW_B
0.005,12254,0.997476597476597,BASE_SIMULATION_12,SNOW_ALB_THAW_B
0.006,12258,0.997802197802198,BASE_SIMULATION_12,SNOW_ALB_THAW_B
0.007,12262,0.998127798127798,BASE_SIMULATION_12,SNOW_ALB_THAW_B
0.008,12263,0.998209198209198,BASE_SIMULATION_12,SNOW_ALB_THAW_B
0.009,12264,0.998290598290598,BASE_SIMULATION_12,SNOW_ALB_THAW_B
0.01,12265,0.998371998371998,BASE_SIMULATION_12,SNOW_ALB_THAW_B
0.011,12266,0.998453398453398,BASE_SIMULATION_12,SNOW_ALB_THAW_B
0.012,12270,0.998778998778999,BASE_SIMULATION_12,SNOW_ALB_THAW_B
0.013,12273,0.999023199023199,BASE_SIMULATION_12,SNOW_ALB_THAW_B
0.014,12274,0.999104599104599,BASE_SIMULATION_12,SNOW_ALB_THAW_B
0.019,12275,0.999185999185999,BASE_SIMULATION_12,SNOW_ALB_THAW_B
0.021,12276,0.999267399267399,BASE_SIMULATION_12,SNOW_ALB_THAW_B
0.035,12277,0.999348799348799,BASE_SIMULATION_12,SNOW_ALB_THAW_B
0.038,12279,0.9995115995116,BASE_SIMULATION_12,SNOW_ALB_THAW_B
0.041,12280,0.999592999593,BASE_SIMULATION_12,SNOW_ALB_THAW_B
0.069,12281,0.9996743996744,BASE_SIMULATION_12,SNOW_ALB_THAW_B
0.077,12282,0.9997557997558,BASE_SIMULATION_12,SNOW_ALB_THAW_B
0.153,12283,0.9998371998372,BASE_SIMULATION_12,SNOW_ALB_THAW_B
0.165,12284,0.9999185999186,BASE_SIMULATION_12,SNOW_ALB_THAW_B
0.328,12285,1,BASE_SIMULATION_12,SNOW_ALB_THAW_B
0,12073,0.982743182743183,BASE_SIMULATION_13,SNOW_ALB_THAW_B
0.001,12244,0.996662596662597,BASE_SIMULATION_13,SNOW_ALB_THAW_B
0.002,12270,0.998778998778999,BASE_SIMULATION_13,SNOW_ALB_THAW_B
0.003,12277,0.999348799348799,BASE_SIMULATION_13,SNOW_ALB_THAW_B
0.004,12278,0.999430199430199,BASE_SIMULATION_13,SNOW_ALB_THAW_B
0.005,12279,0.9995115995116,BASE_SIMULATION_13,SNOW_ALB_THAW_B
0.006,12281,0.9996743996744,BASE_SIMULATION_13,SNOW_ALB_THAW_B
0.007,12282,0.9997557997558,BASE_SIMULATION_13,SNOW_ALB_THAW_B
0.011,12283,0.9998371998372,BASE_SIMULATION_13,SNOW_ALB_THAW_B
0.025,12284,0.9999185999186,BASE_SIMULATION_13,SNOW_ALB_THAW_B
0.034,12285,1,BASE_SIMULATION_13,SNOW_ALB_THAW_B
0,11982,0.975335775335775,BASE_SIMULATION_14,SNOW_ALB_THAW_B
0.001,12205,0.993487993487993,BASE_SIMULATION_14,SNOW_ALB_THAW_B
0.002,12242,0.996499796499796,BASE_SIMULATION_14,SNOW_ALB_THAW_B
0.003,12262,0.998127798127798,BASE_SIMULATION_14,SNOW_ALB_THAW_B
0.004,12269,0.998697598697599,BASE_SIMULATION_14,SNOW_ALB_THAW_B
0.005,12272,0.998941798941799,BASE_SIMULATION_14,SNOW_ALB_THAW_B
0.007,12276,0.999267399267399,BASE_SIMULATION_14,SNOW_ALB_THAW_B
0.008,12278,0.999430199430199,BASE_SIMULATION_14,SNOW_ALB_THAW_B
0.01,12279,0.9995115995116,BASE_SIMULATION_14,SNOW_ALB_THAW_B
0.016,12280,0.999592999593,BASE_SIMULATION_14,SNOW_ALB_THAW_B
0.017,12282,0.9997557997558,BASE_SIMULATION_14,SNOW_ALB_THAW_B
0.024,12283,0.9998371998372,BASE_SIMULATION_14,SNOW_ALB_THAW_B
0.043,12284,0.9999185999186,BASE_SIMULATION_14,SNOW_ALB_THAW_B
0.164,12285,1,BASE_SIMULATION_14,SNOW_ALB_THAW_B
0,12234,0.995848595848596,BASE_SIMULATION_15,SNOW_ALB_THAW_B
0.001,12276,0.999267399267399,BASE_SIMULATION_15,SNOW_ALB_THAW_B
0.002,12277,0.999348799348799,BASE_SIMULATION_15,SNOW_ALB_THAW_B
0.003,12279,0.9995115995116,BASE_SIMULATION_15,SNOW_ALB_THAW_B
0.004,12280,0.999592999593,BASE_SIMULATION_15,SNOW_ALB_THAW_B
0.006,12281,0.9996743996744,BASE_SIMULATION_15,SNOW_ALB_THAW_B
0.01,12283,0.9998371998372,BASE_SIMULATION_15,SNOW_ALB_THAW_B
0.013,12284,0.9999185999186,BASE_SIMULATION_15,SNOW_ALB_THAW_B
0.02,12285,1,BASE_SIMULATION_15,SNOW_ALB_THAW_B
0,12156,0.98949938949939,BASE_SIMULATION_16,SNOW_ALB_THAW_B
0.001,12270,0.998778998778999,BASE_SIMULATION_16,SNOW_ALB_THAW_B
0.002,12276,0.999267399267399,BASE_SIMULATION_16,SNOW_ALB_THAW_B
0.003,12277,0.999348799348799,BASE_SIMULATION_16,SNOW_ALB_THAW_B
0.004,12279,0.9995115995116,BASE_SIMULATION_16,SNOW_ALB_THAW_B
0.005,12282,0.9997557997558,BASE_SIMULATION_16,SNOW_ALB_THAW_B
0.013,12283,0.9998371998372,BASE_SIMULATION_16,SNOW_ALB_THAW_B
0.044,12284,0.9999185999186,BASE_SIMULATION_16,SNOW_ALB_THAW_B
0.052,12285,1,BASE_SIMULATION_16,SNOW_ALB_THAW_B
0,12146,0.988685388685389,BASE_SIMULATION_17,SNOW_ALB_THAW_B
0.001,12244,0.996662596662597,BASE_SIMULATION_17,SNOW_ALB_THAW_B
0.002,12262,0.998127798127798,BASE_SIMULATION_17,SNOW_ALB_THAW_B
0.003,12270,0.998778998778999,BASE_SIMULATION_17,SNOW_ALB_THAW_B
0.004,12273,0.999023199023199,BASE_SIMULATION_17,SNOW_ALB_THAW_B
0.005,12274,0.999104599104599,BASE_SIMULATION_17,SNOW_ALB_THAW_B
0.007,12275,0.999185999185999,BASE_SIMULATION_17,SNOW_ALB_THAW_B
0.008,12276,0.999267399267399,BASE_SIMULATION_17,SNOW_ALB_THAW_B
0.01,12278,0.999430199430199,BASE_SIMULATION_17,SNOW_ALB_THAW_B
0.011,12279,0.9995115995116,BASE_SIMULATION_17,SNOW_ALB_THAW_B
0.017,12280,0.999592999593,BASE_SIMULATION_17,SNOW_ALB_THAW_B
0.019,12281,0.9996743996744,BASE_SIMULATION_17,SNOW_ALB_THAW_B
0.026,12282,0.9997557997558,BASE_SIMULATION_17,SNOW_ALB_THAW_B
0.029,12283,0.9998371998372,BASE_SIMULATION_17,SNOW_ALB_THAW_B
0.045,12284,0.9999185999186,BASE_SIMULATION_17,SNOW_ALB_THAW_B
0.05,12285,1,BASE_SIMULATION_17,SNOW_ALB_THAW_B
0,12234,0.995848595848596,BASE_SIMULATION_18,SNOW_ALB_THAW_B
0.001,12266,0.998453398453398,BASE_SIMULATION_18,SNOW_ALB_THAW_B
0.002,12274,0.999104599104599,BASE_SIMULATION_18,SNOW_ALB_THAW_B
0.003,12278,0.999430199430199,BASE_SIMULATION_18,SNOW_ALB_THAW_B
0.004,12279,0.9995115995116,BASE_SIMULATION_18,SNOW_ALB_THAW_B
0.005,12280,0.999592999593,BASE_SIMULATION_18,SNOW_ALB_THAW_B
0.007,12282,0.9997557997558,BASE_SIMULATION_18,SNOW_ALB_THAW_B
0.011,12284,0.9999185999186,BASE_SIMULATION_18,SNOW_ALB_THAW_B
0.034,12285,1,BASE_SIMULATION_18,SNOW_ALB_THAW_B
0,12110,0.985754985754986,BASE_SIMULATION_19,SNOW_ALB_THAW_B
0.001,12246,0.996825396825397,BASE_SIMULATION_19,SNOW_ALB_THAW_B
0.002,12273,0.999023199023199,BASE_SIMULATION_19,SNOW_ALB_THAW_B
0.003,12277,0.999348799348799,BASE_SIMULATION_19,SNOW_ALB_THAW_B
0.004,12278,0.999430199430199,BASE_SIMULATION_19,SNOW_ALB_THAW_B
0.005,12281,0.9996743996744,BASE_SIMULATION_19,SNOW_ALB_THAW_B
0.007,12282,0.9997557997558,BASE_SIMULATION_19,SNOW_ALB_THAW_B
0.008,12283,0.9998371998372,BASE_SIMULATION_19,SNOW_ALB_THAW_B
0.012,12284,0.9999185999186,BASE_SIMULATION_19,SNOW_ALB_THAW_B
0.053,12285,1,BASE_SIMULATION_19,SNOW_ALB_THAW_B
0,11859,0.965323565323565,BASE_SIMULATION_20,SNOW_ALB_THAW_B
0.001,12135,0.987789987789988,BASE_SIMULATION_20,SNOW_ALB_THAW_B
0.002,12203,0.993325193325193,BASE_SIMULATION_20,SNOW_ALB_THAW_B
0.003,12234,0.995848595848596,BASE_SIMULATION_20,SNOW_ALB_THAW_B
0.004,12246,0.996825396825397,BASE_SIMULATION_20,SNOW_ALB_THAW_B
0.005,12262,0.998127798127798,BASE_SIMULATION_20,SNOW_ALB_THAW_B
0.006,12267,0.998534798534799,BASE_SIMULATION_20,SNOW_ALB_THAW_B
0.007,12272,0.998941798941799,BASE_SIMULATION_20,SNOW_ALB_THAW_B
0.008,12273,0.999023199023199,BASE_SIMULATION_20,SNOW_ALB_THAW_B
0.009,12275,0.999185999185999,BASE_SIMULATION_20,SNOW_ALB_THAW_B
0.01,12277,0.999348799348799,BASE_SIMULATION_20,SNOW_ALB_THAW_B
0.012,12278,0.999430199430199,BASE_SIMULATION_20,SNOW_ALB_THAW_B
0.013,12279,0.9995115995116,BASE_SIMULATION_20,SNOW_ALB_THAW_B
0.017,12280,0.999592999593,BASE_SIMULATION_20,SNOW_ALB_THAW_B
0.018,12282,0.9997557997558,BASE_SIMULATION_20,SNOW_ALB_THAW_B
0.023,12283,0.9998371998372,BASE_SIMULATION_20,SNOW_ALB_THAW_B
0.024,12284,0.9999185999186,BASE_SIMULATION_20,SNOW_ALB_THAW_B
0.16,12285,1,BASE_SIMULATION_20,SNOW_ALB_THAW_B
0,12183,0.991697191697192,BASE_SIMULATION_21,SNOW_ALB_THAW_B
0.001,12254,0.997476597476597,BASE_SIMULATION_21,SNOW_ALB_THAW_B
0.002,12264,0.998290598290598,BASE_SIMULATION_21,SNOW_ALB_THAW_B
0.003,12270,0.998778998778999,BASE_SIMULATION_21,SNOW_ALB_THAW_B
0.004,12275,0.999185999185999,BASE_SIMULATION_21,SNOW_ALB_THAW_B
0.005,12277,0.999348799348799,BASE_SIMULATION_21,SNOW_ALB_THAW_B
0.006,12278,0.999430199430199,BASE_SIMULATION_21,SNOW_ALB_THAW_B
0.008,12280,0.999592999593,BASE_SIMULATION_21,SNOW_ALB_THAW_B
0.011,12281,0.9996743996744,BASE_SIMULATION_21,SNOW_ALB_THAW_B
0.014,12282,0.9997557997558,BASE_SIMULATION_21,SNOW_ALB_THAW_B
0.023,12283,0.9998371998372,BASE_SIMULATION_21,SNOW_ALB_THAW_B
0.026,12284,0.9999185999186,BASE_SIMULATION_21,SNOW_ALB_THAW_B
0.052,12285,1,BASE_SIMULATION_21,SNOW_ALB_THAW_B
0,12212,0.994057794057794,BASE_SIMULATION_22,SNOW_ALB_THAW_B
0.001,12264,0.998290598290598,BASE_SIMULATION_22,SNOW_ALB_THAW_B
0.002,12273,0.999023199023199,BASE_SIMULATION_22,SNOW_ALB_THAW_B
0.003,12277,0.999348799348799,BASE_SIMULATION_22,SNOW_ALB_THAW_B
0.005,12279,0.9995115995116,BASE_SIMULATION_22,SNOW_ALB_THAW_B
0.011,12280,0.999592999593,BASE_SIMULATION_22,SNOW_ALB_THAW_B
0.013,12281,0.9996743996744,BASE_SIMULATION_22,SNOW_ALB_THAW_B
0.015,12282,0.9997557997558,BASE_SIMULATION_22,SNOW_ALB_THAW_B
0.018,12284,0.9999185999186,BASE_SIMULATION_22,SNOW_ALB_THAW_B
0.039,12285,1,BASE_SIMULATION_22,SNOW_ALB_THAW_B
0,12184,0.991778591778592,BASE_SIMULATION_23,SNOW_ALB_THAW_B
0.001,12264,0.998290598290598,BASE_SIMULATION_23,SNOW_ALB_THAW_B
0.002,12280,0.999592999593,BASE_SIMULATION_23,SNOW_ALB_THAW_B
0.004,12281,0.9996743996744,BASE_SIMULATION_23,SNOW_ALB_THAW_B
0.006,12282,0.9997557997558,BASE_SIMULATION_23,SNOW_ALB_THAW_B
0.009,12283,0.9998371998372,BASE_SIMULATION_23,SNOW_ALB_THAW_B
0.01,12284,0.9999185999186,BASE_SIMULATION_23,SNOW_ALB_THAW_B
0.013,12285,1,BASE_SIMULATION_23,SNOW_ALB_THAW_B
0,12222,0.994871794871795,BASE_SIMULATION_24,SNOW_ALB_THAW_B
0.001,12273,0.999023199023199,BASE_SIMULATION_24,SNOW_ALB_THAW_B
0.002,12279,0.9995115995116,BASE_SIMULATION_24,SNOW_ALB_THAW_B
0.003,12281,0.9996743996744,BASE_SIMULATION_24,SNOW_ALB_THAW_B
0.01,12283,0.9998371998372,BASE_SIMULATION_24,SNOW_ALB_THAW_B
0.015,12284,0.9999185999186,BASE_SIMULATION_24,SNOW_ALB_THAW_B
0.026,12285,1,BASE_SIMULATION_24,SNOW_ALB_THAW_B
0,12254,0.997476597476597,BASE_SIMULATION_25,SNOW_ALB_THAW_B
0.001,12280,0.999592999593,BASE_SIMULATION_25,SNOW_ALB_THAW_B
0.002,12284,0.9999185999186,BASE_SIMULATION_25,SNOW_ALB_THAW_B
0.004,12285,1,BASE_SIMULATION_25,SNOW_ALB_THAW_B
0,12043,0.98030118030118,BASE_SIMULATION_26,SNOW_ALB_THAW_B
0.001,12227,0.995278795278795,BASE_SIMULATION_26,SNOW_ALB_THAW_B
0.002,12263,0.998209198209198,BASE_SIMULATION_26,SNOW_ALB_THAW_B
0.003,12273,0.999023199023199,BASE_SIMULATION_26,SNOW_ALB_THAW_B
0.004,12275,0.999185999185999,BASE_SIMULATION_26,SNOW_ALB_THAW_B
0.006,12279,0.9995115995116,BASE_SIMULATION_26,SNOW_ALB_THAW_B
0.009,12280,0.999592999593,BASE_SIMULATION_26,SNOW_ALB_THAW_B
0.01,12282,0.9997557997558,BASE_SIMULATION_26,SNOW_ALB_THAW_B
0.011,12283,0.9998371998372,BASE_SIMULATION_26,SNOW_ALB_THAW_B
0.042,12284,0.9999185999186,BASE_SIMULATION_26,SNOW_ALB_THAW_B
0.046,12285,1,BASE_SIMULATION_26,SNOW_ALB_THAW_B
0,12094,0.984452584452584,BASE_SIMULATION_27,SNOW_ALB_THAW_B
0.001,12230,0.995522995522995,BASE_SIMULATION_27,SNOW_ALB_THAW_B
0.002,12253,0.997395197395197,BASE_SIMULATION_27,SNOW_ALB_THAW_B
0.003,12264,0.998290598290598,BASE_SIMULATION_27,SNOW_ALB_THAW_B
0.004,12269,0.998697598697599,BASE_SIMULATION_27,SNOW_ALB_THAW_B
0.005,12278,0.999430199430199,BASE_SIMULATION_27,SNOW_ALB_THAW_B
0.007,12280,0.999592999593,BASE_SIMULATION_27,SNOW_ALB_THAW_B
0.008,12281,0.9996743996744,BASE_SIMULATION_27,SNOW_ALB_THAW_B
0.013,12282,0.9997557997558,BASE_SIMULATION_27,SNOW_ALB_THAW_B
0.028,12283,0.9998371998372,BASE_SIMULATION_27,SNOW_ALB_THAW_B
0.062,12284,0.9999185999186,BASE_SIMULATION_27,SNOW_ALB_THAW_B
0.392,12285,1,BASE_SIMULATION_27,SNOW_ALB_THAW_B
0,11913,0.96971916971917,BASE_SIMULATION_28,SNOW_ALB_THAW_B
0.001,12183,0.991697191697192,BASE_SIMULATION_28,SNOW_ALB_THAW_B
0.002,12242,0.996499796499796,BASE_SIMULATION_28,SNOW_ALB_THAW_B
0.003,12260,0.997964997964998,BASE_SIMULATION_28,SNOW_ALB_THAW_B
0.004,12270,0.998778998778999,BASE_SIMULATION_28,SNOW_ALB_THAW_B
0.005,12273,0.999023199023199,BASE_SIMULATION_28,SNOW_ALB_THAW_B
0.006,12274,0.999104599104599,BASE_SIMULATION_28,SNOW_ALB_THAW_B
0.007,12277,0.999348799348799,BASE_SIMULATION_28,SNOW_ALB_THAW_B
0.008,12278,0.999430199430199,BASE_SIMULATION_28,SNOW_ALB_THAW_B
0.009,12279,0.9995115995116,BASE_SIMULATION_28,SNOW_ALB_THAW_B
0.01,12280,0.999592999593,BASE_SIMULATION_28,SNOW_ALB_THAW_B
0.025,12281,0.9996743996744,BASE_SIMULATION_28,SNOW_ALB_THAW_B
0.028,12282,0.9997557997558,BASE_SIMULATION_28,SNOW_ALB_THAW_B
0.033,12283,0.9998371998372,BASE_SIMULATION_28,SNOW_ALB_THAW_B
0.037,12284,0.9999185999186,BASE_SIMULATION_28,SNOW_ALB_THAW_B
0.075,12285,1,BASE_SIMULATION_28,SNOW_ALB_THAW_B
0,12175,0.991045991045991,BASE_SIMULATION_29,SNOW_ALB_THAW_B
0.001,12264,0.998290598290598,BASE_SIMULATION_29,SNOW_ALB_THAW_B
0.002,12271,0.998860398860399,BASE_SIMULATION_29,SNOW_ALB_THAW_B
0.003,12277,0.999348799348799,BASE_SIMULATION_29,SNOW_ALB_THAW_B
0.004,12280,0.999592999593,BASE_SIMULATION_29,SNOW_ALB_THAW_B
0.006,12282,0.9997557997558,BASE_SIMULATION_29,SNOW_ALB_THAW_B
0.008,12283,0.9998371998372,BASE_SIMULATION_29,SNOW_ALB_THAW_B
0.009,12284,0.9999185999186,BASE_SIMULATION_29,SNOW_ALB_THAW_B
0.04,12285,1,BASE_SIMULATION_29,SNOW_ALB_THAW_B
0,12105,0.985347985347985,BASE_SIMULATION_30,SNOW_ALB_THAW_B
0.001,12238,0.996174196174196,BASE_SIMULATION_30,SNOW_ALB_THAW_B
0.002,12264,0.998290598290598,BASE_SIMULATION_30,SNOW_ALB_THAW_B
0.003,12273,0.999023199023199,BASE_SIMULATION_30,SNOW_ALB_THAW_B
0.004,12275,0.999185999185999,BASE_SIMULATION_30,SNOW_ALB_THAW_B
0.005,12278,0.999430199430199,BASE_SIMULATION_30,SNOW_ALB_THAW_B
0.006,12280,0.999592999593,BASE_SIMULATION_30,SNOW_ALB_THAW_B
0.008,12282,0.9997557997558,BASE_SIMULATION_30,SNOW_ALB_THAW_B
0.014,12283,0.9998371998372,BASE_SIMULATION_30,SNOW_ALB_THAW_B
0.084,12284,0.9999185999186,BASE_SIMULATION_30,SNOW_ALB_THAW_B
0.298,12285,1,BASE_SIMULATION_30,SNOW_ALB_THAW_B
0,12057,0.981440781440781,BASE_SIMULATION_31,SNOW_ALB_THAW_B
0.001,12254,0.997476597476597,BASE_SIMULATION_31,SNOW_ALB_THAW_B
0.002,12271,0.998860398860399,BASE_SIMULATION_31,SNOW_ALB_THAW_B
0.003,12276,0.999267399267399,BASE_SIMULATION_31,SNOW_ALB_THAW_B
0.006,12279,0.9995115995116,BASE_SIMULATION_31,SNOW_ALB_THAW_B
0.018,12280,0.999592999593,BASE_SIMULATION_31,SNOW_ALB_THAW_B
0.024,12281,0.9996743996744,BASE_SIMULATION_31,SNOW_ALB_THAW_B
0.032,12282,0.9997557997558,BASE_SIMULATION_31,SNOW_ALB_THAW_B
0.046,12283,0.9998371998372,BASE_SIMULATION_31,SNOW_ALB_THAW_B
0.052,12284,0.9999185999186,BASE_SIMULATION_31,SNOW_ALB_THAW_B
0.094,12285,1,BASE_SIMULATION_31,SNOW_ALB_THAW_B
0,11929,0.971021571021571,BASE_SIMULATION_32,SNOW_ALB_THAW_B
0.001,12244,0.996662596662597,BASE_SIMULATION_32,SNOW_ALB_THAW_B
0.002,12269,0.998697598697599,BASE_SIMULATION_32,SNOW_ALB_THAW_B
0.003,12274,0.999104599104599,BASE_SIMULATION_32,SNOW_ALB_THAW_B
0.004,12278,0.999430199430199,BASE_SIMULATION_32,SNOW_ALB_THAW_B
0.005,12283,0.9998371998372,BASE_SIMULATION_32,SNOW_ALB_THAW_B
0.006,12284,0.9999185999186,BASE_SIMULATION_32,SNOW_ALB_THAW_B
0.011,12285,1,BASE_SIMULATION_32,SNOW_ALB_THAW_B
0,11923,0.970533170533171,BASE_SIMULATION_33,SNOW_ALB_THAW_B
0.001,12160,0.98982498982499,BASE_SIMULATION_33,SNOW_ALB_THAW_B
0.002,12208,0.993732193732194,BASE_SIMULATION_33,SNOW_ALB_THAW_B
0.003,12236,0.996011396011396,BASE_SIMULATION_33,SNOW_ALB_THAW_B
0.004,12254,0.997476597476597,BASE_SIMULATION_33,SNOW_ALB_THAW_B
0.005,12261,0.998046398046398,BASE_SIMULATION_33,SNOW_ALB_THAW_B
0.006,12265,0.998371998371998,BASE_SIMULATION_33,SNOW_ALB_THAW_B
0.007,12267,0.998534798534799,BASE_SIMULATION_33,SNOW_ALB_THAW_B
0.008,12272,0.998941798941799,BASE_SIMULATION_33,SNOW_ALB_THAW_B
0.009,12274,0.999104599104599,BASE_SIMULATION_33,SNOW_ALB_THAW_B
0.011,12277,0.999348799348799,BASE_SIMULATION_33,SNOW_ALB_THAW_B
0.014,12280,0.999592999593,BASE_SIMULATION_33,SNOW_ALB_THAW_B
0.016,12281,0.9996743996744,BASE_SIMULATION_33,SNOW_ALB_THAW_B
0.018,12283,0.9998371998372,BASE_SIMULATION_33,SNOW_ALB_THAW_B
0.081,12284,0.9999185999186,BASE_SIMULATION_33,SNOW_ALB_THAW_B
0.106,12285,1,BASE_SIMULATION_33,SNOW_ALB_THAW_B
0,12276,0.999267399267399,BASE_SIMULATION_34,SNOW_ALB_THAW_B
0.001,12282,0.9997557997558,BASE_SIMULATION_34,SNOW_ALB_THAW_B
0.002,12283,0.9998371998372,BASE_SIMULATION_34,SNOW_ALB_THAW_B
0.004,12284,0.9999185999186,BASE_SIMULATION_34,SNOW_ALB_THAW_B
0.009,12285,1,BASE_SIMULATION_34,SNOW_ALB_THAW_B
0,12235,0.995929995929996,BASE_SIMULATION_35,SNOW_ALB_THAW_B
0.001,12273,0.999023199023199,BASE_SIMULATION_35,SNOW_ALB_THAW_B
0.002,12278,0.999430199430199,BASE_SIMULATION_35,SNOW_ALB_THAW_B
0.003,12279,0.9995115995116,BASE_SIMULATION_35,SNOW_ALB_THAW_B
0.004,12280,0.999592999593,BASE_SIMULATION_35,SNOW_ALB_THAW_B
0.005,12282,0.9997557997558,BASE_SIMULATION_35,SNOW_ALB_THAW_B
0.006,12283,0.9998371998372,BASE_SIMULATION_35,SNOW_ALB_THAW_B
0.008,12284,0.9999185999186,BASE_SIMULATION_35,SNOW_ALB_THAW_B
0.015,12285,1,BASE_SIMULATION_35,SNOW_ALB_THAW_B
0,11778,0.958730158730159,BASE_SIMULATION_36,SNOW_ALB_THAW_B
0.001,12120,0.986568986568987,BASE_SIMULATION_36,SNOW_ALB_THAW_B
0.002,12210,0.993894993894994,BASE_SIMULATION_36,SNOW_ALB_THAW_B
0.003,12241,0.996418396418396,BASE_SIMULATION_36,SNOW_ALB_THAW_B
0.004,12260,0.997964997964998,BASE_SIMULATION_36,SNOW_ALB_THAW_B
0.005,12267,0.998534798534799,BASE_SIMULATION_36,SNOW_ALB_THAW_B
0.006,12273,0.999023199023199,BASE_SIMULATION_36,SNOW_ALB_THAW_B
0.007,12274,0.999104599104599,BASE_SIMULATION_36,SNOW_ALB_THAW_B
0.008,12277,0.999348799348799,BASE_SIMULATION_36,SNOW_ALB_THAW_B
0.009,12280,0.999592999593,BASE_SIMULATION_36,SNOW_ALB_THAW_B
0.01,12281,0.9996743996744,BASE_SIMULATION_36,SNOW_ALB_THAW_B
0.012,12282,0.9997557997558,BASE_SIMULATION_36,SNOW_ALB_THAW_B
0.016,12283,0.9998371998372,BASE_SIMULATION_36,SNOW_ALB_THAW_B
0.019,12284,0.9999185999186,BASE_SIMULATION_36,SNOW_ALB_THAW_B
0.029,12285,1,BASE_SIMULATION_36,SNOW_ALB_THAW_B
0,12037,0.97981277981278,BASE_SIMULATION_37,SNOW_ALB_THAW_B
0.001,12243,0.996581196581197,BASE_SIMULATION_37,SNOW_ALB_THAW_B
0.002,12264,0.998290598290598,BASE_SIMULATION_37,SNOW_ALB_THAW_B
0.003,12278,0.999430199430199,BASE_SIMULATION_37,SNOW_ALB_THAW_B
0.004,12281,0.9996743996744,BASE_SIMULATION_37,SNOW_ALB_THAW_B
0.005,12283,0.9998371998372,BASE_SIMULATION_37,SNOW_ALB_THAW_B
0.006,12284,0.9999185999186,BASE_SIMULATION_37,SNOW_ALB_THAW_B
0.008,12285,1,BASE_SIMULATION_37,SNOW_ALB_THAW_B
0,11978,0.975010175010175,BASE_SIMULATION_38,SNOW_ALB_THAW_B
0.001,12214,0.994220594220594,BASE_SIMULATION_38,SNOW_ALB_THAW_B
0.002,12248,0.996988196988197,BASE_SIMULATION_38,SNOW_ALB_THAW_B
0.003,12262,0.998127798127798,BASE_SIMULATION_38,SNOW_ALB_THAW_B
0.004,12268,0.998616198616199,BASE_SIMULATION_38,SNOW_ALB_THAW_B
0.005,12270,0.998778998778999,BASE_SIMULATION_38,SNOW_ALB_THAW_B
0.006,12271,0.998860398860399,BASE_SIMULATION_38,SNOW_ALB_THAW_B
0.007,12274,0.999104599104599,BASE_SIMULATION_38,SNOW_ALB_THAW_B
0.008,12277,0.999348799348799,BASE_SIMULATION_38,SNOW_ALB_THAW_B
0.01,12279,0.9995115995116,BASE_SIMULATION_38,SNOW_ALB_THAW_B
0.011,12280,0.999592999593,BASE_SIMULATION_38,SNOW_ALB_THAW_B
0.02,12281,0.9996743996744,BASE_SIMULATION_38,SNOW_ALB_THAW_B
0.063,12282,0.9997557997558,BASE_SIMULATION_38,SNOW_ALB_THAW_B
0.071,12283,0.9998371998372,BASE_SIMULATION_38,SNOW_ALB_THAW_B
0.077,12284,0.9999185999186,BASE_SIMULATION_38,SNOW_ALB_THAW_B
0.335,12285,1,BASE_SIMULATION_38,SNOW_ALB_THAW_B
0,12279,0.9995115995116,BASE_SIMULATION_39,SNOW_ALB_THAW_B
0.001,12282,0.9997557997558,BASE_SIMULATION_39,SNOW_ALB_THAW_B
0.004,12283,0.9998371998372,BASE_SIMULATION_39,SNOW_ALB_THAW_B
0.006,12284,0.9999185999186,BASE_SIMULATION_39,SNOW_ALB_THAW_B
0.02,12285,1,BASE_SIMULATION_39,SNOW_ALB_THAW_B
0,12235,0.995929995929996,BASE_SIMULATION_40,SNOW_ALB_THAW_B
0.001,12278,0.999430199430199,BASE_SIMULATION_40,SNOW_ALB_THAW_B
0.002,12279,0.9995115995116,BASE_SIMULATION_40,SNOW_ALB_THAW_B
0.003,12282,0.9997557997558,BASE_SIMULATION_40,SNOW_ALB_THAW_B
0.014,12283,0.9998371998372,BASE_SIMULATION_40,SNOW_ALB_THAW_B
0.023,12284,0.9999185999186,BASE_SIMULATION_40,SNOW_ALB_THAW_B
0.045,12285,1,BASE_SIMULATION_40,SNOW_ALB_THAW_B
0,12043,0.98030118030118,BASE_SIMULATION_41,SNOW_ALB_THAW_B
0.001,12222,0.994871794871795,BASE_SIMULATION_41,SNOW_ALB_THAW_B
0.002,12253,0.997395197395197,BASE_SIMULATION_41,SNOW_ALB_THAW_B
0.003,12263,0.998209198209198,BASE_SIMULATION_41,SNOW_ALB_THAW_B
0.004,12267,0.998534798534799,BASE_SIMULATION_41,SNOW_ALB_THAW_B
0.005,12271,0.998860398860399,BASE_SIMULATION_41,SNOW_ALB_THAW_B
0.006,12274,0.999104599104599,BASE_SIMULATION_41,SNOW_ALB_THAW_B
0.007,12278,0.999430199430199,BASE_SIMULATION_41,SNOW_ALB_THAW_B
0.008,12279,0.9995115995116,BASE_SIMULATION_41,SNOW_ALB_THAW_B
0.014,12280,0.999592999593,BASE_SIMULATION_41,SNOW_ALB_THAW_B
0.015,12281,0.9996743996744,BASE_SIMULATION_41,SNOW_ALB_THAW_B
0.024,12282,0.9997557997558,BASE_SIMULATION_41,SNOW_ALB_THAW_B
0.052,12283,0.9998371998372,BASE_SIMULATION_41,SNOW_ALB_THAW_B
0.086,12284,0.9999185999186,BASE_SIMULATION_41,SNOW_ALB_THAW_B
0.12,12285,1,BASE_SIMULATION_41,SNOW_ALB_THAW_B
0,12100,0.984940984940985,BASE_SIMULATION_42,SNOW_ALB_THAW_B
0.001,12250,0.997150997150997,BASE_SIMULATION_42,SNOW_ALB_THAW_B
0.002,12275,0.999185999185999,BASE_SIMULATION_42,SNOW_ALB_THAW_B
0.003,12279,0.9995115995116,BASE_SIMULATION_42,SNOW_ALB_THAW_B
0.004,12281,0.9996743996744,BASE_SIMULATION_42,SNOW_ALB_THAW_B
0.006,12282,0.9997557997558,BASE_SIMULATION_42,SNOW_ALB_THAW_B
0.007,12283,0.9998371998372,BASE_SIMULATION_42,SNOW_ALB_THAW_B
0.02,12284,0.9999185999186,BASE_SIMULATION_42,SNOW_ALB_THAW_B
0.144,12285,1,BASE_SIMULATION_42,SNOW_ALB_THAW_B
0,12232,0.995685795685796,BASE_SIMULATION_43,SNOW_ALB_THAW_B
0.001,12275,0.999185999185999,BASE_SIMULATION_43,SNOW_ALB_THAW_B
0.002,12283,0.9998371998372,BASE_SIMULATION_43,SNOW_ALB_THAW_B
0.004,12284,0.9999185999186,BASE_SIMULATION_43,SNOW_ALB_THAW_B
0.005,12285,1,BASE_SIMULATION_43,SNOW_ALB_THAW_B
0,12255,0.997557997557998,BASE_SIMULATION_44,SNOW_ALB_THAW_B
0.001,12278,0.999430199430199,BASE_SIMULATION_44,SNOW_ALB_THAW_B
0.002,12281,0.9996743996744,BASE_SIMULATION_44,SNOW_ALB_THAW_B
0.003,12283,0.9998371998372,BASE_SIMULATION_44,SNOW_ALB_THAW_B
0.005,12284,0.9999185999186,BASE_SIMULATION_44,SNOW_ALB_THAW_B
0.006,12285,1,BASE_SIMULATION_44,SNOW_ALB_THAW_B
0,12137,0.987952787952788,BASE_SIMULATION_45,SNOW_ALB_THAW_B
0.001,12258,0.997802197802198,BASE_SIMULATION_45,SNOW_ALB_THAW_B
0.002,12273,0.999023199023199,BASE_SIMULATION_45,SNOW_ALB_THAW_B
0.003,12276,0.999267399267399,BASE_SIMULATION_45,SNOW_ALB_THAW_B
0.004,12278,0.999430199430199,BASE_SIMULATION_45,SNOW_ALB_THAW_B
0.005,12279,0.9995115995116,BASE_SIMULATION_45,SNOW_ALB_THAW_B
0.006,12280,0.999592999593,BASE_SIMULATION_45,SNOW_ALB_THAW_B
0.019,12281,0.9996743996744,BASE_SIMULATION_45,SNOW_ALB_THAW_B
0.021,12282,0.9997557997558,BASE_SIMULATION_45,SNOW_ALB_THAW_B
0.022,12283,0.9998371998372,BASE_SIMULATION_45,SNOW_ALB_THAW_B
0.027,12284,0.9999185999186,BASE_SIMULATION_45,SNOW_ALB_THAW_B
0.244,12285,1,BASE_SIMULATION_45,SNOW_ALB_THAW_B
0,12206,0.993569393569394,BASE_SIMULATION_46,SNOW_ALB_THAW_B
0.001,12264,0.998290598290598,BASE_SIMULATION_46,SNOW_ALB_THAW_B
0.002,12273,0.999023199023199,BASE_SIMULATION_46,SNOW_ALB_THAW_B
0.003,12277,0.999348799348799,BASE_SIMULATION_46,SNOW_ALB_THAW_B
0.004,12278,0.999430199430199,BASE_SIMULATION_46,SNOW_ALB_THAW_B
0.006,12281,0.9996743996744,BASE_SIMULATION_46,SNOW_ALB_THAW_B
0.007,12282,0.9997557997558,BASE_SIMULATION_46,SNOW_ALB_THAW_B
0.011,12284,0.9999185999186,BASE_SIMULATION_46,SNOW_ALB_THAW_B
0.109,12285,1,BASE_SIMULATION_46,SNOW_ALB_THAW_B
0,12240,0.996336996336996,BASE_SIMULATION_47,SNOW_ALB_THAW_B
0.001,12277,0.999348799348799,BASE_SIMULATION_47,SNOW_ALB_THAW_B
0.002,12284,0.9999185999186,BASE_SIMULATION_47,SNOW_ALB_THAW_B
0.004,12285,1,BASE_SIMULATION_47,SNOW_ALB_THAW_B
0,12274,0.999104599104599,BASE_SIMULATION_48,SNOW_ALB_THAW_B
0.001,12279,0.9995115995116,BASE_SIMULATION_48,SNOW_ALB_THAW_B
0.002,12283,0.9998371998372,BASE_SIMULATION_48,SNOW_ALB_THAW_B
0.003,12284,0.9999185999186,BASE_SIMULATION_48,SNOW_ALB_THAW_B
0.006,12285,1,BASE_SIMULATION_48,SNOW_ALB_THAW_B
0,12039,0.97997557997558,BASE_SIMULATION_49,SNOW_ALB_THAW_B
0.001,12214,0.994220594220594,BASE_SIMULATION_49,SNOW_ALB_THAW_B
0.002,12253,0.997395197395197,BASE_SIMULATION_49,SNOW_ALB_THAW_B
0.003,12270,0.998778998778999,BASE_SIMULATION_49,SNOW_ALB_THAW_B
0.004,12274,0.999104599104599,BASE_SIMULATION_49,SNOW_ALB_THAW_B
0.005,12278,0.999430199430199,BASE_SIMULATION_49,SNOW_ALB_THAW_B
0.006,12280,0.999592999593,BASE_SIMULATION_49,SNOW_ALB_THAW_B
0.009,12281,0.9996743996744,BASE_SIMULATION_49,SNOW_ALB_THAW_B
0.015,12282,0.9997557997558,BASE_SIMULATION_49,SNOW_ALB_THAW_B
0.021,12283,0.9998371998372,BASE_SIMULATION_49,SNOW_ALB_THAW_B
0.026,12284,0.9999185999186,BASE_SIMULATION_49,SNOW_ALB_THAW_B
0.036,12285,1,BASE_SIMULATION_49,SNOW_ALB_THAW_B
0,12144,0.988522588522589,BASE_SIMULATION_50,SNOW_ALB_THAW_B
0.001,12240,0.996336996336996,BASE_SIMULATION_50,SNOW_ALB_THAW_B
0.002,12267,0.998534798534799,BASE_SIMULATION_50,SNOW_ALB_THAW_B
0.003,12277,0.999348799348799,BASE_SIMULATION_50,SNOW_ALB_THAW_B
0.004,12280,0.999592999593,BASE_SIMULATION_50,SNOW_ALB_THAW_B
0.005,12281,0.9996743996744,BASE_SIMULATION_50,SNOW_ALB_THAW_B
0.008,12282,0.9997557997558,BASE_SIMULATION_50,SNOW_ALB_THAW_B
0.009,12283,0.9998371998372,BASE_SIMULATION_50,SNOW_ALB_THAW_B
0.019,12284,0.9999185999186,BASE_SIMULATION_50,SNOW_ALB_THAW_B
0.026,12285,1,BASE_SIMULATION_50,SNOW_ALB_THAW_B
0,12228,0.995360195360195,BASE_SIMULATION_51,SNOW_ALB_THAW_B
0.001,12275,0.999185999185999,BASE_SIMULATION_51,SNOW_ALB_THAW_B
0.002,12282,0.9997557997558,BASE_SIMULATION_51,SNOW_ALB_THAW_B
0.003,12283,0.9998371998372,BASE_SIMULATION_51,SNOW_ALB_THAW_B
0.022,12284,0.9999185999186,BASE_SIMULATION_51,SNOW_ALB_THAW_B
0.083,12285,1,BASE_SIMULATION_51,SNOW_ALB_THAW_B
0,12170,0.990638990638991,BASE_SIMULATION_52,SNOW_ALB_THAW_B
0.001,12259,0.997883597883598,BASE_SIMULATION_52,SNOW_ALB_THAW_B
0.002,12268,0.998616198616199,BASE_SIMULATION_52,SNOW_ALB_THAW_B
0.003,12274,0.999104599104599,BASE_SIMULATION_52,SNOW_ALB_THAW_B
0.004,12277,0.999348799348799,BASE_SIMULATION_52,SNOW_ALB_THAW_B
0.005,12279,0.9995115995116,BASE_SIMULATION_52,SNOW_ALB_THAW_B
0.006,12280,0.999592999593,BASE_SIMULATION_52,SNOW_ALB_THAW_B
0.008,12281,0.9996743996744,BASE_SIMULATION_52,SNOW_ALB_THAW_B
0.011,12282,0.9997557997558,BASE_SIMULATION_52,SNOW_ALB_THAW_B
0.016,12283,0.9998371998372,BASE_SIMULATION_52,SNOW_ALB_THAW_B
0.018,12284,0.9999185999186,BASE_SIMULATION_52,SNOW_ALB_THAW_B
0.183,12285,1,BASE_SIMULATION_52,SNOW_ALB_THAW_B
0,12146,0.988685388685389,BASE_SIMULATION_53,SNOW_ALB_THAW_B
0.001,12249,0.997069597069597,BASE_SIMULATION_53,SNOW_ALB_THAW_B
0.002,12267,0.998534798534799,BASE_SIMULATION_53,SNOW_ALB_THAW_B
0.003,12277,0.999348799348799,BASE_SIMULATION_53,SNOW_ALB_THAW_B
0.004,12278,0.999430199430199,BASE_SIMULATION_53,SNOW_ALB_THAW_B
0.005,12280,0.999592999593,BASE_SIMULATION_53,SNOW_ALB_THAW_B
0.006,12282,0.9997557997558,BASE_SIMULATION_53,SNOW_ALB_THAW_B
0.007,12283,0.9998371998372,BASE_SIMULATION_53,SNOW_ALB_THAW_B
0.008,12284,0.9999185999186,BASE_SIMULATION_53,SNOW_ALB_THAW_B
0.02,12285,1,BASE_SIMULATION_53,SNOW_ALB_THAW_B
0,11880,0.967032967032967,BASE_SIMULATION_54,SNOW_ALB_THAW_B
0.001,12196,0.992755392755393,BASE_SIMULATION_54,SNOW_ALB_THAW_B
0.002,12250,0.997150997150997,BASE_SIMULATION_54,SNOW_ALB_THAW_B
0.003,12267,0.998534798534799,BASE_SIMULATION_54,SNOW_ALB_THAW_B
0.004,12272,0.998941798941799,BASE_SIMULATION_54,SNOW_ALB_THAW_B
0.005,12273,0.999023199023199,BASE_SIMULATION_54,SNOW_ALB_THAW_B
0.006,12274,0.999104599104599,BASE_SIMULATION_54,SNOW_ALB_THAW_B
0.007,12276,0.999267399267399,BASE_SIMULATION_54,SNOW_ALB_THAW_B
0.008,12277,0.999348799348799,BASE_SIMULATION_54,SNOW_ALB_THAW_B
0.01,12278,0.999430199430199,BASE_SIMULATION_54,SNOW_ALB_THAW_B
0.012,12279,0.9995115995116,BASE_SIMULATION_54,SNOW_ALB_THAW_B
0.019,12281,0.9996743996744,BASE_SIMULATION_54,SNOW_ALB_THAW_B
0.021,12282,0.9997557997558,BASE_SIMULATION_54,SNOW_ALB_THAW_B
0.036,12283,0.9998371998372,BASE_SIMULATION_54,SNOW_ALB_THAW_B
0.077,12284,0.9999185999186,BASE_SIMULATION_54,SNOW_ALB_THAW_B
0.313,12285,1,BASE_SIMULATION_54,SNOW_ALB_THAW_B
0,11930,0.971102971102971,BASE_SIMULATION_55,SNOW_ALB_THAW_B
0.001,12180,0.991452991452991,BASE_SIMULATION_55,SNOW_ALB_THAW_B
0.002,12228,0.995360195360195,BASE_SIMULATION_55,SNOW_ALB_THAW_B
0.003,12253,0.997395197395197,BASE_SIMULATION_55,SNOW_ALB_THAW_B
0.004,12264,0.998290598290598,BASE_SIMULATION_55,SNOW_ALB_THAW_B
0.005,12268,0.998616198616199,BASE_SIMULATION_55,SNOW_ALB_THAW_B
0.006,12271,0.998860398860399,BASE_SIMULATION_55,SNOW_ALB_THAW_B
0.007,12274,0.999104599104599,BASE_SIMULATION_55,SNOW_ALB_THAW_B
0.009,12275,0.999185999185999,BASE_SIMULATION_55,SNOW_ALB_THAW_B
0.01,12276,0.999267399267399,BASE_SIMULATION_55,SNOW_ALB_THAW_B
0.011,12278,0.999430199430199,BASE_SIMULATION_55,SNOW_ALB_THAW_B
0.015,12280,0.999592999593,BASE_SIMULATION_55,SNOW_ALB_THAW_B
0.032,12281,0.9996743996744,BASE_SIMULATION_55,SNOW_ALB_THAW_B
0.033,12282,0.9997557997558,BASE_SIMULATION_55,SNOW_ALB_THAW_B
0.036,12283,0.9998371998372,BASE_SIMULATION_55,SNOW_ALB_THAW_B
0.118,12284,0.9999185999186,BASE_SIMULATION_55,SNOW_ALB_THAW_B
0.167,12285,1,BASE_SIMULATION_55,SNOW_ALB_THAW_B
0,12189,0.992185592185592,BASE_SIMULATION_56,SNOW_ALB_THAW_B
0.001,12279,0.9995115995116,BASE_SIMULATION_56,SNOW_ALB_THAW_B
0.002,12282,0.9997557997558,BASE_SIMULATION_56,SNOW_ALB_THAW_B
0.003,12283,0.9998371998372,BASE_SIMULATION_56,SNOW_ALB_THAW_B
0.008,12284,0.9999185999186,BASE_SIMULATION_56,SNOW_ALB_THAW_B
0.015,12285,1,BASE_SIMULATION_56,SNOW_ALB_THAW_B
0,12183,0.991697191697192,BASE_SIMULATION_57,SNOW_ALB_THAW_B
0.001,12255,0.997557997557998,BASE_SIMULATION_57,SNOW_ALB_THAW_B
0.002,12271,0.998860398860399,BASE_SIMULATION_57,SNOW_ALB_THAW_B
0.003,12276,0.999267399267399,BASE_SIMULATION_57,SNOW_ALB_THAW_B
0.004,12279,0.9995115995116,BASE_SIMULATION_57,SNOW_ALB_THAW_B
0.006,12281,0.9996743996744,BASE_SIMULATION_57,SNOW_ALB_THAW_B
0.007,12282,0.9997557997558,BASE_SIMULATION_57,SNOW_ALB_THAW_B
0.018,12283,0.9998371998372,BASE_SIMULATION_57,SNOW_ALB_THAW_B
0.022,12284,0.9999185999186,BASE_SIMULATION_57,SNOW_ALB_THAW_B
0.024,12285,1,BASE_SIMULATION_57,SNOW_ALB_THAW_B
0,12192,0.992429792429792,BASE_SIMULATION_58,SNOW_ALB_THAW_B
0.001,12257,0.997720797720798,BASE_SIMULATION_58,SNOW_ALB_THAW_B
0.002,12268,0.998616198616199,BASE_SIMULATION_58,SNOW_ALB_THAW_B
0.003,12275,0.999185999185999,BASE_SIMULATION_58,SNOW_ALB_THAW_B
0.004,12276,0.999267399267399,BASE_SIMULATION_58,SNOW_ALB_THAW_B
0.01,12279,0.9995115995116,BASE_SIMULATION_58,SNOW_ALB_THAW_B
0.015,12280,0.999592999593,BASE_SIMULATION_58,SNOW_ALB_THAW_B
0.019,12281,0.9996743996744,BASE_SIMULATION_58,SNOW_ALB_THAW_B
0.024,12282,0.9997557997558,BASE_SIMULATION_58,SNOW_ALB_THAW_B
0.04,12283,0.9998371998372,BASE_SIMULATION_58,SNOW_ALB_THAW_B
0.119,12284,0.9999185999186,BASE_SIMULATION_58,SNOW_ALB_THAW_B
0.154,12285,1,BASE_SIMULATION_58,SNOW_ALB_THAW_B
0,12280,0.999592999593,BASE_SIMULATION_59,SNOW_ALB_THAW_B
0.001,12284,0.9999185999186,BASE_SIMULATION_59,SNOW_ALB_THAW_B
0.008,12285,1,BASE_SIMULATION_59,SNOW_ALB_THAW_B
0,12274,0.999104599104599,BASE_SIMULATION_60,SNOW_ALB_THAW_B
0.001,12284,0.9999185999186,BASE_SIMULATION_60,SNOW_ALB_THAW_B
0.002,12285,1,BASE_SIMULATION_60,SNOW_ALB_THAW_B
0,12210,0.993894993894994,BASE_SIMULATION_61,SNOW_ALB_THAW_B
0.001,12275,0.999185999185999,BASE_SIMULATION_61,SNOW_ALB_THAW_B
0.002,12282,0.9997557997558,BASE_SIMULATION_61,SNOW_ALB_THAW_B
0.003,12284,0.9999185999186,BASE_SIMULATION_61,SNOW_ALB_THAW_B
0.061,12285,1,BASE_SIMULATION_61,SNOW_ALB_THAW_B
0,12266,0.998453398453398,BASE_SIMULATION_62,SNOW_ALB_THAW_B
0.001,12277,0.999348799348799,BASE_SIMULATION_62,SNOW_ALB_THAW_B
0.002,12281,0.9996743996744,BASE_SIMULATION_62,SNOW_ALB_THAW_B
0.003,12283,0.9998371998372,BASE_SIMULATION_62,SNOW_ALB_THAW_B
0.038,12284,0.9999185999186,BASE_SIMULATION_62,SNOW_ALB_THAW_B
0.317,12285,1,BASE_SIMULATION_62,SNOW_ALB_THAW_B
0,11997,0.976556776556776,BASE_SIMULATION_63,SNOW_ALB_THAW_B
0.001,12197,0.992836792836793,BASE_SIMULATION_63,SNOW_ALB_THAW_B
0.002,12236,0.996011396011396,BASE_SIMULATION_63,SNOW_ALB_THAW_B
0.003,12253,0.997395197395197,BASE_SIMULATION_63,SNOW_ALB_THAW_B
0.004,12261,0.998046398046398,BASE_SIMULATION_63,SNOW_ALB_THAW_B
0.005,12263,0.998209198209198,BASE_SIMULATION_63,SNOW_ALB_THAW_B
0.006,12265,0.998371998371998,BASE_SIMULATION_63,SNOW_ALB_THAW_B
0.007,12269,0.998697598697599,BASE_SIMULATION_63,SNOW_ALB_THAW_B
0.008,12272,0.998941798941799,BASE_SIMULATION_63,SNOW_ALB_THAW_B
0.011,12273,0.999023199023199,BASE_SIMULATION_63,SNOW_ALB_THAW_B
0.012,12275,0.999185999185999,BASE_SIMULATION_63,SNOW_ALB_THAW_B
0.013,12277,0.999348799348799,BASE_SIMULATION_63,SNOW_ALB_THAW_B
0.016,12278,0.999430199430199,BASE_SIMULATION_63,SNOW_ALB_THAW_B
0.025,12279,0.9995115995116,BASE_SIMULATION_63,SNOW_ALB_THAW_B
0.04,12280,0.999592999593,BASE_SIMULATION_63,SNOW_ALB_THAW_B
0.044,12281,0.9996743996744,BASE_SIMULATION_63,SNOW_ALB_THAW_B
0.052,12282,0.9997557997558,BASE_SIMULATION_63,SNOW_ALB_THAW_B
0.066,12283,0.9998371998372,BASE_SIMULATION_63,SNOW_ALB_THAW_B
0.084,12284,0.9999185999186,BASE_SIMULATION_63,SNOW_ALB_THAW_B
0.153,12285,1,BASE_SIMULATION_63,SNOW_ALB_THAW_B
0,12190,0.992266992266992,BASE_SIMULATION_64,SNOW_ALB_THAW_B
0.001,12250,0.997150997150997,BASE_SIMULATION_64,SNOW_ALB_THAW_B
0.002,12267,0.998534798534799,BASE_SIMULATION_64,SNOW_ALB_THAW_B
0.003,12273,0.999023199023199,BASE_SIMULATION_64,SNOW_ALB_THAW_B
0.004,12275,0.999185999185999,BASE_SIMULATION_64,SNOW_ALB_THAW_B
0.005,12278,0.999430199430199,BASE_SIMULATION_64,SNOW_ALB_THAW_B
0.006,12279,0.9995115995116,BASE_SIMULATION_64,SNOW_ALB_THAW_B
0.007,12280,0.999592999593,BASE_SIMULATION_64,SNOW_ALB_THAW_B
0.009,12281,0.9996743996744,BASE_SIMULATION_64,SNOW_ALB_THAW_B
0.012,12282,0.9997557997558,BASE_SIMULATION_64,SNOW_ALB_THAW_B
0.014,12283,0.9998371998372,BASE_SIMULATION_64,SNOW_ALB_THAW_B
0.015,12284,0.9999185999186,BASE_SIMULATION_64,SNOW_ALB_THAW_B
0.024,12285,1,BASE_SIMULATION_64,SNOW_ALB_THAW_B
0,11903,0.968905168905169,BASE_SIMULATION_65,SNOW_ALB_THAW_B
0.001,12195,0.992673992673993,BASE_SIMULATION_65,SNOW_ALB_THAW_B
0.002,12252,0.997313797313797,BASE_SIMULATION_65,SNOW_ALB_THAW_B
0.003,12276,0.999267399267399,BASE_SIMULATION_65,SNOW_ALB_THAW_B
0.004,12278,0.999430199430199,BASE_SIMULATION_65,SNOW_ALB_THAW_B
0.005,12280,0.999592999593,BASE_SIMULATION_65,SNOW_ALB_THAW_B
0.006,12282,0.9997557997558,BASE_SIMULATION_65,SNOW_ALB_THAW_B
0.007,12283,0.9998371998372,BASE_SIMULATION_65,SNOW_ALB_THAW_B
0.009,12284,0.9999185999186,BASE_SIMULATION_65,SNOW_ALB_THAW_B
0.017,12285,1,BASE_SIMULATION_65,SNOW_ALB_THAW_B
0,12124,0.986894586894587,BASE_SIMULATION_66,SNOW_ALB_THAW_B
0.001,12243,0.996581196581197,BASE_SIMULATION_66,SNOW_ALB_THAW_B
0.002,12263,0.998209198209198,BASE_SIMULATION_66,SNOW_ALB_THAW_B
0.003,12269,0.998697598697599,BASE_SIMULATION_66,SNOW_ALB_THAW_B
0.004,12274,0.999104599104599,BASE_SIMULATION_66,SNOW_ALB_THAW_B
0.005,12276,0.999267399267399,BASE_SIMULATION_66,SNOW_ALB_THAW_B
0.006,12277,0.999348799348799,BASE_SIMULATION_66,SNOW_ALB_THAW_B
0.007,12279,0.9995115995116,BASE_SIMULATION_66,SNOW_ALB_THAW_B
0.009,12280,0.999592999593,BASE_SIMULATION_66,SNOW_ALB_THAW_B
0.01,12282,0.9997557997558,BASE_SIMULATION_66,SNOW_ALB_THAW_B
0.011,12283,0.9998371998372,BASE_SIMULATION_66,SNOW_ALB_THAW_B
0.036,12284,0.9999185999186,BASE_SIMULATION_66,SNOW_ALB_THAW_B
0.046,12285,1,BASE_SIMULATION_66,SNOW_ALB_THAW_B
0,12168,0.990476190476191,BASE_SIMULATION_67,SNOW_ALB_THAW_B
0.001,12256,0.997639397639398,BASE_SIMULATION_67,SNOW_ALB_THAW_B
0.002,12270,0.998778998778999,BASE_SIMULATION_67,SNOW_ALB_THAW_B
0.003,12277,0.999348799348799,BASE_SIMULATION_67,SNOW_ALB_THAW_B
0.004,12279,0.9995115995116,BASE_SIMULATION_67,SNOW_ALB_THAW_B
0.005,12280,0.999592999593,BASE_SIMULATION_67,SNOW_ALB_THAW_B
0.006,12282,0.9997557997558,BASE_SIMULATION_67,SNOW_ALB_THAW_B
0.008,12284,0.9999185999186,BASE_SIMULATION_67,SNOW_ALB_THAW_B
0.053,12285,1,BASE_SIMULATION_67,SNOW_ALB_THAW_B
0,12043,0.98030118030118,BASE_SIMULATION_68,SNOW_ALB_THAW_B
0.001,12223,0.994953194953195,BASE_SIMULATION_68,SNOW_ALB_THAW_B
0.002,12261,0.998046398046398,BASE_SIMULATION_68,SNOW_ALB_THAW_B
0.003,12269,0.998697598697599,BASE_SIMULATION_68,SNOW_ALB_THAW_B
0.004,12273,0.999023199023199,BASE_SIMULATION_68,SNOW_ALB_THAW_B
0.005,12277,0.999348799348799,BASE_SIMULATION_68,SNOW_ALB_THAW_B
0.006,12279,0.9995115995116,BASE_SIMULATION_68,SNOW_ALB_THAW_B
0.007,12281,0.9996743996744,BASE_SIMULATION_68,SNOW_ALB_THAW_B
0.009,12282,0.9997557997558,BASE_SIMULATION_68,SNOW_ALB_THAW_B
0.01,12283,0.9998371998372,BASE_SIMULATION_68,SNOW_ALB_THAW_B
0.014,12284,0.9999185999186,BASE_SIMULATION_68,SNOW_ALB_THAW_B
0.019,12285,1,BASE_SIMULATION_68,SNOW_ALB_THAW_B
0,12025,0.978835978835979,BASE_SIMULATION_69,SNOW_ALB_THAW_B
0.001,12226,0.995197395197395,BASE_SIMULATION_69,SNOW_ALB_THAW_B
0.002,12264,0.998290598290598,BASE_SIMULATION_69,SNOW_ALB_THAW_B
0.003,12272,0.998941798941799,BASE_SIMULATION_69,SNOW_ALB_THAW_B
0.004,12276,0.999267399267399,BASE_SIMULATION_69,SNOW_ALB_THAW_B
0.005,12280,0.999592999593,BASE_SIMULATION_69,SNOW_ALB_THAW_B
0.006,12281,0.9996743996744,BASE_SIMULATION_69,SNOW_ALB_THAW_B
0.008,12283,0.9998371998372,BASE_SIMULATION_69,SNOW_ALB_THAW_B
0.063,12284,0.9999185999186,BASE_SIMULATION_69,SNOW_ALB_THAW_B
0.109,12285,1,BASE_SIMULATION_69,SNOW_ALB_THAW_B
0,12258,0.997802197802198,BASE_SIMULATION_70,SNOW_ALB_THAW_B
0.001,12282,0.9997557997558,BASE_SIMULATION_70,SNOW_ALB_THAW_B
0.002,12284,0.9999185999186,BASE_SIMULATION_70,SNOW_ALB_THAW_B
0.004,12285,1,BASE_SIMULATION_70,SNOW_ALB_THAW_B
0,12140,0.988196988196988,BASE_SIMULATION_71,SNOW_ALB_THAW_B
0.001,12253,0.997395197395197,BASE_SIMULATION_71,SNOW_ALB_THAW_B
0.002,12274,0.999104599104599,BASE_SIMULATION_71,SNOW_ALB_THAW_B
0.003,12282,0.9997557997558,BASE_SIMULATION_71,SNOW_ALB_THAW_B
0.004,12283,0.9998371998372,BASE_SIMULATION_71,SNOW_ALB_THAW_B
0.005,12284,0.9999185999186,BASE_SIMULATION_71,SNOW_ALB_THAW_B
0.006,12285,1,BASE_SIMULATION_71,SNOW_ALB_THAW_B
0,12081,0.983394383394383,BASE_SIMULATION_72,SNOW_ALB_THAW_B
0.001,12239,0.996255596255596,BASE_SIMULATION_72,SNOW_ALB_THAW_B
0.002,12264,0.998290598290598,BASE_SIMULATION_72,SNOW_ALB_THAW_B
0.003,12275,0.999185999185999,BASE_SIMULATION_72,SNOW_ALB_THAW_B
0.004,12281,0.9996743996744,BASE_SIMULATION_72,SNOW_ALB_THAW_B
0.009,12282,0.9997557997558,BASE_SIMULATION_72,SNOW_ALB_THAW_B
0.018,12283,0.9998371998372,BASE_SIMULATION_72,SNOW_ALB_THAW_B
0.04,12284,0.9999185999186,BASE_SIMULATION_72,SNOW_ALB_THAW_B
0.045,12285,1,BASE_SIMULATION_72,SNOW_ALB_THAW_B
0,12041,0.98013838013838,BASE_SIMULATION_73,SNOW_ALB_THAW_B
0.001,12215,0.994301994301994,BASE_SIMULATION_73,SNOW_ALB_THAW_B
0.002,12249,0.997069597069597,BASE_SIMULATION_73,SNOW_ALB_THAW_B
0.003,12265,0.998371998371998,BASE_SIMULATION_73,SNOW_ALB_THAW_B
0.004,12268,0.998616198616199,BASE_SIMULATION_73,SNOW_ALB_THAW_B
0.005,12273,0.999023199023199,BASE_SIMULATION_73,SNOW_ALB_THAW_B
0.008,12277,0.999348799348799,BASE_SIMULATION_73,SNOW_ALB_THAW_B
0.01,12278,0.999430199430199,BASE_SIMULATION_73,SNOW_ALB_THAW_B
0.011,12279,0.9995115995116,BASE_SIMULATION_73,SNOW_ALB_THAW_B
0.014,12281,0.9996743996744,BASE_SIMULATION_73,SNOW_ALB_THAW_B
0.032,12282,0.9997557997558,BASE_SIMULATION_73,SNOW_ALB_THAW_B
0.047,12283,0.9998371998372,BASE_SIMULATION_73,SNOW_ALB_THAW_B
0.056,12284,0.9999185999186,BASE_SIMULATION_73,SNOW_ALB_THAW_B
0.071,12285,1,BASE_SIMULATION_73,SNOW_ALB_THAW_B
0,12263,0.998209198209198,BASE_SIMULATION_74,SNOW_ALB_THAW_B
0.001,12283,0.9998371998372,BASE_SIMULATION_74,SNOW_ALB_THAW_B
0.002,12284,0.9999185999186,BASE_SIMULATION_74,SNOW_ALB_THAW_B
0.003,12285,1,BASE_SIMULATION_74,SNOW_ALB_THAW_B
0,11809,0.961253561253561,BASE_SIMULATION_75,SNOW_ALB_THAW_B
0.001,12126,0.987057387057387,BASE_SIMULATION_75,SNOW_ALB_THAW_B
0.002,12215,0.994301994301994,BASE_SIMULATION_75,SNOW_ALB_THAW_B
0.003,12251,0.997232397232397,BASE_SIMULATION_75,SNOW_ALB_THAW_B
0.004,12262,0.998127798127798,BASE_SIMULATION_75,SNOW_ALB_THAW_B
0.005,12267,0.998534798534799,BASE_SIMULATION_75,SNOW_ALB_THAW_B
0.006,12270,0.998778998778999,BASE_SIMULATION_75,SNOW_ALB_THAW_B
0.008,12273,0.999023199023199,BASE_SIMULATION_75,SNOW_ALB_THAW_B
0.009,12275,0.999185999185999,BASE_SIMULATION_75,SNOW_ALB_THAW_B
0.01,12276,0.999267399267399,BASE_SIMULATION_75,SNOW_ALB_THAW_B
0.013,12277,0.999348799348799,BASE_SIMULATION_75,SNOW_ALB_THAW_B
0.016,12278,0.999430199430199,BASE_SIMULATION_75,SNOW_ALB_THAW_B
0.017,12280,0.999592999593,BASE_SIMULATION_75,SNOW_ALB_THAW_B
0.023,12281,0.9996743996744,BASE_SIMULATION_75,SNOW_ALB_THAW_B
0.033,12282,0.9997557997558,BASE_SIMULATION_75,SNOW_ALB_THAW_B
0.034,12283,0.9998371998372,BASE_SIMULATION_75,SNOW_ALB_THAW_B
0.073,12284,0.9999185999186,BASE_SIMULATION_75,SNOW_ALB_THAW_B
0.108,12285,1,BASE_SIMULATION_75,SNOW_ALB_THAW_B
0,12216,0.994383394383394,BASE_SIMULATION_76,SNOW_ALB_THAW_B
0.001,12272,0.998941798941799,BASE_SIMULATION_76,SNOW_ALB_THAW_B
0.002,12281,0.9996743996744,BASE_SIMULATION_76,SNOW_ALB_THAW_B
0.003,12283,0.9998371998372,BASE_SIMULATION_76,SNOW_ALB_THAW_B
0.005,12284,0.9999185999186,BASE_SIMULATION_76,SNOW_ALB_THAW_B
0.02,12285,1,BASE_SIMULATION_76,SNOW_ALB_THAW_B
0,12248,0.996988196988197,BASE_SIMULATION_77,SNOW_ALB_THAW_B
0.001,12279,0.9995115995116,BASE_SIMULATION_77,SNOW_ALB_THAW_B
0.002,12281,0.9996743996744,BASE_SIMULATION_77,SNOW_ALB_THAW_B
0.003,12283,0.9998371998372,BASE_SIMULATION_77,SNOW_ALB_THAW_B
0.004,12284,0.9999185999186,BASE_SIMULATION_77,SNOW_ALB_THAW_B
0.009,12285,1,BASE_SIMULATION_77,SNOW_ALB_THAW_B
0,12090,0.984126984126984,BASE_SIMULATION_78,SNOW_ALB_THAW_B
0.001,12241,0.996418396418396,BASE_SIMULATION_78,SNOW_ALB_THAW_B
0.002,12263,0.998209198209198,BASE_SIMULATION_78,SNOW_ALB_THAW_B
0.003,12272,0.998941798941799,BASE_SIMULATION_78,SNOW_ALB_THAW_B
0.004,12278,0.999430199430199,BASE_SIMULATION_78,SNOW_ALB_THAW_B
0.005,12279,0.9995115995116,BASE_SIMULATION_78,SNOW_ALB_THAW_B
0.006,12280,0.999592999593,BASE_SIMULATION_78,SNOW_ALB_THAW_B
0.007,12282,0.9997557997558,BASE_SIMULATION_78,SNOW_ALB_THAW_B
0.008,12283,0.9998371998372,BASE_SIMULATION_78,SNOW_ALB_THAW_B
0.02,12284,0.9999185999186,BASE_SIMULATION_78,SNOW_ALB_THAW_B
0.061,12285,1,BASE_SIMULATION_78,SNOW_ALB_THAW_B
0,11841,0.963858363858364,BASE_SIMULATION_79,SNOW_ALB_THAW_B
0.001,12150,0.989010989010989,BASE_SIMULATION_79,SNOW_ALB_THAW_B
0.002,12227,0.995278795278795,BASE_SIMULATION_79,SNOW_ALB_THAW_B
0.003,12256,0.997639397639398,BASE_SIMULATION_79,SNOW_ALB_THAW_B
0.004,12265,0.998371998371998,BASE_SIMULATION_79,SNOW_ALB_THAW_B
0.005,12272,0.998941798941799,BASE_SIMULATION_79,SNOW_ALB_THAW_B
0.006,12275,0.999185999185999,BASE_SIMULATION_79,SNOW_ALB_THAW_B
0.007,12277,0.999348799348799,BASE_SIMULATION_79,SNOW_ALB_THAW_B
0.009,12278,0.999430199430199,BASE_SIMULATION_79,SNOW_ALB_THAW_B
0.01,12281,0.9996743996744,BASE_SIMULATION_79,SNOW_ALB_THAW_B
0.011,12283,0.9998371998372,BASE_SIMULATION_79,SNOW_ALB_THAW_B
0.016,12284,0.9999185999186,BASE_SIMULATION_79,SNOW_ALB_THAW_B
0.047,12285,1,BASE_SIMULATION_79,SNOW_ALB_THAW_B
0,12092,0.984289784289784,BASE_SIMULATION_80,SNOW_ALB_THAW_B
0.001,12244,0.996662596662597,BASE_SIMULATION_80,SNOW_ALB_THAW_B
0.002,12265,0.998371998371998,BASE_SIMULATION_80,SNOW_ALB_THAW_B
0.003,12273,0.999023199023199,BASE_SIMULATION_80,SNOW_ALB_THAW_B
0.004,12279,0.9995115995116,BASE_SIMULATION_80,SNOW_ALB_THAW_B
0.006,12280,0.999592999593,BASE_SIMULATION_80,SNOW_ALB_THAW_B
0.007,12282,0.9997557997558,BASE_SIMULATION_80,SNOW_ALB_THAW_B
0.009,12283,0.9998371998372,BASE_SIMULATION_80,SNOW_ALB_THAW_B
0.031,12284,0.9999185999186,BASE_SIMULATION_80,SNOW_ALB_THAW_B
0.049,12285,1,BASE_SIMULATION_80,SNOW_ALB_THAW_B
0,12055,0.981277981277981,BASE_SIMULATION_81,SNOW_ALB_THAW_B
0.001,12224,0.995034595034595,BASE_SIMULATION_81,SNOW_ALB_THAW_B
0.002,12257,0.997720797720798,BASE_SIMULATION_81,SNOW_ALB_THAW_B
0.003,12267,0.998534798534799,BASE_SIMULATION_81,SNOW_ALB_THAW_B
0.004,12273,0.999023199023199,BASE_SIMULATION_81,SNOW_ALB_THAW_B
0.005,12275,0.999185999185999,BASE_SIMULATION_81,SNOW_ALB_THAW_B
0.006,12277,0.999348799348799,BASE_SIMULATION_81,SNOW_ALB_THAW_B
0.007,12279,0.9995115995116,BASE_SIMULATION_81,SNOW_ALB_THAW_B
0.008,12281,0.9996743996744,BASE_SIMULATION_81,SNOW_ALB_THAW_B
0.011,12283,0.9998371998372,BASE_SIMULATION_81,SNOW_ALB_THAW_B
0.014,12284,0.9999185999186,BASE_SIMULATION_81,SNOW_ALB_THAW_B
0.074,12285,1,BASE_SIMULATION_81,SNOW_ALB_THAW_B
0,12242,0.996499796499796,BASE_SIMULATION_82,SNOW_ALB_THAW_B
0.001,12273,0.999023199023199,BASE_SIMULATION_82,SNOW_ALB_THAW_B
0.002,12276,0.999267399267399,BASE_SIMULATION_82,SNOW_ALB_THAW_B
0.003,12280,0.999592999593,BASE_SIMULATION_82,SNOW_ALB_THAW_B
0.005,12281,0.9996743996744,BASE_SIMULATION_82,SNOW_ALB_THAW_B
0.006,12282,0.9997557997558,BASE_SIMULATION_82,SNOW_ALB_THAW_B
0.012,12283,0.9998371998372,BASE_SIMULATION_82,SNOW_ALB_THAW_B
0.129,12284,0.9999185999186,BASE_SIMULATION_82,SNOW_ALB_THAW_B
0.169,12285,1,BASE_SIMULATION_82,SNOW_ALB_THAW_B
0,11898,0.968498168498168,BASE_SIMULATION_83,SNOW_ALB_THAW_B
0.001,12249,0.997069597069597,BASE_SIMULATION_83,SNOW_ALB_THAW_B
0.002,12274,0.999104599104599,BASE_SIMULATION_83,SNOW_ALB_THAW_B
0.003,12277,0.999348799348799,BASE_SIMULATION_83,SNOW_ALB_THAW_B
0.004,12279,0.9995115995116,BASE_SIMULATION_83,SNOW_ALB_THAW_B
0.005,12282,0.9997557997558,BASE_SIMULATION_83,SNOW_ALB_THAW_B
0.007,12283,0.9998371998372,BASE_SIMULATION_83,SNOW_ALB_THAW_B
0.008,12284,0.9999185999186,BASE_SIMULATION_83,SNOW_ALB_THAW_B
0.011,12285,1,BASE_SIMULATION_83,SNOW_ALB_THAW_B
0,11994,0.976312576312576,BASE_SIMULATION_84,SNOW_ALB_THAW_B
0.001,12250,0.997150997150997,BASE_SIMULATION_84,SNOW_ALB_THAW_B
0.002,12268,0.998616198616199,BASE_SIMULATION_84,SNOW_ALB_THAW_B
0.003,12279,0.9995115995116,BASE_SIMULATION_84,SNOW_ALB_THAW_B
0.004,12281,0.9996743996744,BASE_SIMULATION_84,SNOW_ALB_THAW_B
0.005,12284,0.9999185999186,BASE_SIMULATION_84,SNOW_ALB_THAW_B
0.011,12285,1,BASE_SIMULATION_84,SNOW_ALB_THAW_B
0,12192,0.992429792429792,BASE_SIMULATION_85,SNOW_ALB_THAW_B
0.001,12267,0.998534798534799,BASE_SIMULATION_85,SNOW_ALB_THAW_B
0.002,12278,0.999430199430199,BASE_SIMULATION_85,SNOW_ALB_THAW_B
0.003,12279,0.9995115995116,BASE_SIMULATION_85,SNOW_ALB_THAW_B
0.004,12280,0.999592999593,BASE_SIMULATION_85,SNOW_ALB_THAW_B
0.006,12282,0.9997557997558,BASE_SIMULATION_85,SNOW_ALB_THAW_B
0.019,12283,0.9998371998372,BASE_SIMULATION_85,SNOW_ALB_THAW_B
0.023,12284,0.9999185999186,BASE_SIMULATION_85,SNOW_ALB_THAW_B
0.026,12285,1,BASE_SIMULATION_85,SNOW_ALB_THAW_B
0,12197,0.992836792836793,BASE_SIMULATION_86,SNOW_ALB_THAW_B
0.001,12265,0.998371998371998,BASE_SIMULATION_86,SNOW_ALB_THAW_B
0.002,12277,0.999348799348799,BASE_SIMULATION_86,SNOW_ALB_THAW_B
0.003,12281,0.9996743996744,BASE_SIMULATION_86,SNOW_ALB_THAW_B
0.004,12282,0.9997557997558,BASE_SIMULATION_86,SNOW_ALB_THAW_B
0.005,12283,0.9998371998372,BASE_SIMULATION_86,SNOW_ALB_THAW_B
0.007,12284,0.9999185999186,BASE_SIMULATION_86,SNOW_ALB_THAW_B
0.02,12285,1,BASE_SIMULATION_86,SNOW_ALB_THAW_B
0,11918,0.97012617012617,BASE_SIMULATION_87,SNOW_ALB_THAW_B
0.001,12186,0.991941391941392,BASE_SIMULATION_87,SNOW_ALB_THAW_B
0.002,12239,0.996255596255596,BASE_SIMULATION_87,SNOW_ALB_THAW_B
0.003,12258,0.997802197802198,BASE_SIMULATION_87,SNOW_ALB_THAW_B
0.004,12268,0.998616198616199,BASE_SIMULATION_87,SNOW_ALB_THAW_B
0.005,12270,0.998778998778999,BASE_SIMULATION_87,SNOW_ALB_THAW_B
0.006,12272,0.998941798941799,BASE_SIMULATION_87,SNOW_ALB_THAW_B
0.007,12276,0.999267399267399,BASE_SIMULATION_87,SNOW_ALB_THAW_B
0.008,12277,0.999348799348799,BASE_SIMULATION_87,SNOW_ALB_THAW_B
0.009,12278,0.999430199430199,BASE_SIMULATION_87,SNOW_ALB_THAW_B
0.012,12279,0.9995115995116,BASE_SIMULATION_87,SNOW_ALB_THAW_B
0.013,12280,0.999592999593,BASE_SIMULATION_87,SNOW_ALB_THAW_B
0.018,12282,0.9997557997558,BASE_SIMULATION_87,SNOW_ALB_THAW_B
0.032,12284,0.9999185999186,BASE_SIMULATION_87,SNOW_ALB_THAW_B
0.064,12285,1,BASE_SIMULATION_87,SNOW_ALB_THAW_B
0,12258,0.997802197802198,BASE_SIMULATION_88,SNOW_ALB_THAW_B
0.001,12275,0.999185999185999,BASE_SIMULATION_88,SNOW_ALB_THAW_B
0.002,12280,0.999592999593,BASE_SIMULATION_88,SNOW_ALB_THAW_B
0.003,12282,0.9997557997558,BASE_SIMULATION_88,SNOW_ALB_THAW_B
0.005,12283,0.9998371998372,BASE_SIMULATION_88,SNOW_ALB_THAW_B
0.007,12284,0.9999185999186,BASE_SIMULATION_88,SNOW_ALB_THAW_B
0.01,12285,1,BASE_SIMULATION_88,SNOW_ALB_THAW_B
0,11967,0.974114774114774,BASE_SIMULATION_89,SNOW_ALB_THAW_B
0.001,12182,0.991615791615792,BASE_SIMULATION_89,SNOW_ALB_THAW_B
0.002,12240,0.996336996336996,BASE_SIMULATION_89,SNOW_ALB_THAW_B
0.003,12257,0.997720797720798,BASE_SIMULATION_89,SNOW_ALB_THAW_B
0.004,12266,0.998453398453398,BASE_SIMULATION_89,SNOW_ALB_THAW_B
0.005,12270,0.998778998778999,BASE_SIMULATION_89,SNOW_ALB_THAW_B
0.006,12274,0.999104599104599,BASE_SIMULATION_89,SNOW_ALB_THAW_B
0.007,12276,0.999267399267399,BASE_SIMULATION_89,SNOW_ALB_THAW_B
0.008,12278,0.999430199430199,BASE_SIMULATION_89,SNOW_ALB_THAW_B
0.009,12280,0.999592999593,BASE_SIMULATION_89,SNOW_ALB_THAW_B
0.01,12282,0.9997557997558,BASE_SIMULATION_89,SNOW_ALB_THAW_B
0.013,12283,0.9998371998372,BASE_SIMULATION_89,SNOW_ALB_THAW_B
0.016,12284,0.9999185999186,BASE_SIMULATION_89,SNOW_ALB_THAW_B
0.026,12285,1,BASE_SIMULATION_89,SNOW_ALB_THAW_B
0,12215,0.994301994301994,BASE_SIMULATION_90,SNOW_ALB_THAW_B
0.001,12263,0.998209198209198,BASE_SIMULATION_90,SNOW_ALB_THAW_B
0.002,12272,0.998941798941799,BASE_SIMULATION_90,SNOW_ALB_THAW_B
0.003,12276,0.999267399267399,BASE_SIMULATION_90,SNOW_ALB_THAW_B
0.004,12277,0.999348799348799,BASE_SIMULATION_90,SNOW_ALB_THAW_B
0.005,12280,0.999592999593,BASE_SIMULATION_90,SNOW_ALB_THAW_B
0.006,12281,0.9996743996744,BASE_SIMULATION_90,SNOW_ALB_THAW_B
0.007,12282,0.9997557997558,BASE_SIMULATION_90,SNOW_ALB_THAW_B
0.065,12283,0.9998371998372,BASE_SIMULATION_90,SNOW_ALB_THAW_B
0.075,12284,0.9999185999186,BASE_SIMULATION_90,SNOW_ALB_THAW_B
0.122,12285,1,BASE_SIMULATION_90,SNOW_ALB_THAW_B
0,12014,0.977940577940578,BASE_SIMULATION_91,SNOW_ALB_THAW_B
0.001,12223,0.994953194953195,BASE_SIMULATION_91,SNOW_ALB_THAW_B
0.002,12247,0.996906796906797,BASE_SIMULATION_91,SNOW_ALB_THAW_B
0.003,12259,0.997883597883598,BASE_SIMULATION_91,SNOW_ALB_THAW_B
0.004,12265,0.998371998371998,BASE_SIMULATION_91,SNOW_ALB_THAW_B
0.005,12267,0.998534798534799,BASE_SIMULATION_91,SNOW_ALB_THAW_B
0.006,12270,0.998778998778999,BASE_SIMULATION_91,SNOW_ALB_THAW_B
0.008,12273,0.999023199023199,BASE_SIMULATION_91,SNOW_ALB_THAW_B
0.012,12274,0.999104599104599,BASE_SIMULATION_91,SNOW_ALB_THAW_B
0.016,12275,0.999185999185999,BASE_SIMULATION_91,SNOW_ALB_THAW_B
0.02,12277,0.999348799348799,BASE_SIMULATION_91,SNOW_ALB_THAW_B
0.022,12278,0.999430199430199,BASE_SIMULATION_91,SNOW_ALB_THAW_B
0.027,12279,0.9995115995116,BASE_SIMULATION_91,SNOW_ALB_THAW_B
0.028,12280,0.999592999593,BASE_SIMULATION_91,SNOW_ALB_THAW_B
0.035,12281,0.9996743996744,BASE_SIMULATION_91,SNOW_ALB_THAW_B
0.062,12282,0.9997557997558,BASE_SIMULATION_91,SNOW_ALB_THAW_B
0.065,12283,0.9998371998372,BASE_SIMULATION_91,SNOW_ALB_THAW_B
0.095,12284,0.9999185999186,BASE_SIMULATION_91,SNOW_ALB_THAW_B
0.11,12285,1,BASE_SIMULATION_91,SNOW_ALB_THAW_B
0,12273,0.999023199023199,BASE_SIMULATION_92,SNOW_ALB_THAW_B
0.001,12283,0.9998371998372,BASE_SIMULATION_92,SNOW_ALB_THAW_B
0.003,12284,0.9999185999186,BASE_SIMULATION_92,SNOW_ALB_THAW_B
0.006,12285,1,BASE_SIMULATION_92,SNOW_ALB_THAW_B
0,12085,0.983719983719984,BASE_SIMULATION_93,SNOW_ALB_THAW_B
0.001,12238,0.996174196174196,BASE_SIMULATION_93,SNOW_ALB_THAW_B
0.002,12265,0.998371998371998,BASE_SIMULATION_93,SNOW_ALB_THAW_B
0.003,12271,0.998860398860399,BASE_SIMULATION_93,SNOW_ALB_THAW_B
0.004,12275,0.999185999185999,BASE_SIMULATION_93,SNOW_ALB_THAW_B
0.005,12279,0.9995115995116,BASE_SIMULATION_93,SNOW_ALB_THAW_B
0.006,12281,0.9996743996744,BASE_SIMULATION_93,SNOW_ALB_THAW_B
0.007,12282,0.9997557997558,BASE_SIMULATION_93,SNOW_ALB_THAW_B
0.011,12283,0.9998371998372,BASE_SIMULATION_93,SNOW_ALB_THAW_B
0.024,12284,0.9999185999186,BASE_SIMULATION_93,SNOW_ALB_THAW_B
0.028,12285,1,BASE_SIMULATION_93,SNOW_ALB_THAW_B
0,11950,0.972730972730973,BASE_SIMULATION_94,SNOW_ALB_THAW_B
0.001,12190,0.992266992266992,BASE_SIMULATION_94,SNOW_ALB_THAW_B
0.002,12239,0.996255596255596,BASE_SIMULATION_94,SNOW_ALB_THAW_B
0.003,12251,0.997232397232397,BASE_SIMULATION_94,SNOW_ALB_THAW_B
0.004,12260,0.997964997964998,BASE_SIMULATION_94,SNOW_ALB_THAW_B
0.005,12264,0.998290598290598,BASE_SIMULATION_94,SNOW_ALB_THAW_B
0.006,12269,0.998697598697599,BASE_SIMULATION_94,SNOW_ALB_THAW_B
0.007,12273,0.999023199023199,BASE_SIMULATION_94,SNOW_ALB_THAW_B
0.009,12274,0.999104599104599,BASE_SIMULATION_94,SNOW_ALB_THAW_B
0.01,12275,0.999185999185999,BASE_SIMULATION_94,SNOW_ALB_THAW_B
0.011,12276,0.999267399267399,BASE_SIMULATION_94,SNOW_ALB_THAW_B
0.016,12277,0.999348799348799,BASE_SIMULATION_94,SNOW_ALB_THAW_B
0.019,12280,0.999592999593,BASE_SIMULATION_94,SNOW_ALB_THAW_B
0.02,12281,0.9996743996744,BASE_SIMULATION_94,SNOW_ALB_THAW_B
0.027,12282,0.9997557997558,BASE_SIMULATION_94,SNOW_ALB_THAW_B
0.028,12283,0.9998371998372,BASE_SIMULATION_94,SNOW_ALB_THAW_B
0.03,12284,0.9999185999186,BASE_SIMULATION_94,SNOW_ALB_THAW_B
0.069,12285,1,BASE_SIMULATION_94,SNOW_ALB_THAW_B
0,11938,0.971754171754172,BASE_SIMULATION_95,SNOW_ALB_THAW_B
0.001,12192,0.992429792429792,BASE_SIMULATION_95,SNOW_ALB_THAW_B
0.002,12254,0.997476597476597,BASE_SIMULATION_95,SNOW_ALB_THAW_B
0.003,12265,0.998371998371998,BASE_SIMULATION_95,SNOW_ALB_THAW_B
0.004,12274,0.999104599104599,BASE_SIMULATION_95,SNOW_ALB_THAW_B
0.005,12275,0.999185999185999,BASE_SIMULATION_95,SNOW_ALB_THAW_B
0.006,12276,0.999267399267399,BASE_SIMULATION_95,SNOW_ALB_THAW_B
0.007,12277,0.999348799348799,BASE_SIMULATION_95,SNOW_ALB_THAW_B
0.008,12278,0.999430199430199,BASE_SIMULATION_95,SNOW_ALB_THAW_B
0.009,12279,0.9995115995116,BASE_SIMULATION_95,SNOW_ALB_THAW_B
0.011,12280,0.999592999593,BASE_SIMULATION_95,SNOW_ALB_THAW_B
0.012,12281,0.9996743996744,BASE_SIMULATION_95,SNOW_ALB_THAW_B
0.014,12282,0.9997557997558,BASE_SIMULATION_95,SNOW_ALB_THAW_B
0.015,12283,0.9998371998372,BASE_SIMULATION_95,SNOW_ALB_THAW_B
0.03,12284,0.9999185999186,BASE_SIMULATION_95,SNOW_ALB_THAW_B
0.067,12285,1,BASE_SIMULATION_95,SNOW_ALB_THAW_B
0,11985,0.975579975579975,BASE_SIMULATION_96,SNOW_ALB_THAW_B
0.001,12220,0.994708994708995,BASE_SIMULATION_96,SNOW_ALB_THAW_B
0.002,12262,0.998127798127798,BASE_SIMULATION_96,SNOW_ALB_THAW_B
0.003,12269,0.998697598697599,BASE_SIMULATION_96,SNOW_ALB_THAW_B
0.004,12276,0.999267399267399,BASE_SIMULATION_96,SNOW_ALB_THAW_B
0.005,12279,0.9995115995116,BASE_SIMULATION_96,SNOW_ALB_THAW_B
0.006,12280,0.999592999593,BASE_SIMULATION_96,SNOW_ALB_THAW_B
0.008,12281,0.9996743996744,BASE_SIMULATION_96,SNOW_ALB_THAW_B
0.01,12282,0.9997557997558,BASE_SIMULATION_96,SNOW_ALB_THAW_B
0.012,12283,0.9998371998372,BASE_SIMULATION_96,SNOW_ALB_THAW_B
0.018,12284,0.9999185999186,BASE_SIMULATION_96,SNOW_ALB_THAW_B
0.075,12285,1,BASE_SIMULATION_96,SNOW_ALB_THAW_B
0,12152,0.989173789173789,BASE_SIMULATION_97,SNOW_ALB_THAW_B
0.001,12249,0.997069597069597,BASE_SIMULATION_97,SNOW_ALB_THAW_B
0.002,12265,0.998371998371998,BASE_SIMULATION_97,SNOW_ALB_THAW_B
0.003,12272,0.998941798941799,BASE_SIMULATION_97,SNOW_ALB_THAW_B
0.004,12277,0.999348799348799,BASE_SIMULATION_97,SNOW_ALB_THAW_B
0.005,12278,0.999430199430199,BASE_SIMULATION_97,SNOW_ALB_THAW_B
0.006,12280,0.999592999593,BASE_SIMULATION_97,SNOW_ALB_THAW_B
0.016,12281,0.9996743996744,BASE_SIMULATION_97,SNOW_ALB_THAW_B
0.021,12282,0.9997557997558,BASE_SIMULATION_97,SNOW_ALB_THAW_B
0.026,12283,0.9998371998372,BASE_SIMULATION_97,SNOW_ALB_THAW_B
0.027,12284,0.9999185999186,BASE_SIMULATION_97,SNOW_ALB_THAW_B
0.038,12285,1,BASE_SIMULATION_97,SNOW_ALB_THAW_B
0,12062,0.981847781847782,BASE_SIMULATION_98,SNOW_ALB_THAW_B
0.001,12226,0.995197395197395,BASE_SIMULATION_98,SNOW_ALB_THAW_B
0.002,12256,0.997639397639398,BASE_SIMULATION_98,SNOW_ALB_THAW_B
0.003,12270,0.998778998778999,BASE_SIMULATION_98,SNOW_ALB_THAW_B
0.004,12275,0.999185999185999,BASE_SIMULATION_98,SNOW_ALB_THAW_B
0.005,12279,0.9995115995116,BASE_SIMULATION_98,SNOW_ALB_THAW_B
0.006,12281,0.9996743996744,BASE_SIMULATION_98,SNOW_ALB_THAW_B
0.007,12282,0.9997557997558,BASE_SIMULATION_98,SNOW_ALB_THAW_B
0.008,12283,0.9998371998372,BASE_SIMULATION_98,SNOW_ALB_THAW_B
0.014,12284,0.9999185999186,BASE_SIMULATION_98,SNOW_ALB_THAW_B
0.018,12285,1,BASE_SIMULATION_98,SNOW_ALB_THAW_B
0,12060,0.981684981684982,BASE_SIMULATION_99,SNOW_ALB_THAW_B
0.001,12231,0.995604395604396,BASE_SIMULATION_99,SNOW_ALB_THAW_B
0.002,12258,0.997802197802198,BASE_SIMULATION_99,SNOW_ALB_THAW_B
0.003,12269,0.998697598697599,BASE_SIMULATION_99,SNOW_ALB_THAW_B
0.004,12276,0.999267399267399,BASE_SIMULATION_99,SNOW_ALB_THAW_B
0.005,12278,0.999430199430199,BASE_SIMULATION_99,SNOW_ALB_THAW_B
0.006,12280,0.999592999593,BASE_SIMULATION_99,SNOW_ALB_THAW_B
0.015,12281,0.9996743996744,BASE_SIMULATION_99,SNOW_ALB_THAW_B
0.016,12282,0.9997557997558,BASE_SIMULATION_99,SNOW_ALB_THAW_B
0.021,12283,0.9998371998372,BASE_SIMULATION_99,SNOW_ALB_THAW_B
0.026,12284,0.9999185999186,BASE_SIMULATION_99,SNOW_ALB_THAW_B
0.036,12285,1,BASE_SIMULATION_99,SNOW_ALB_THAW_B
0,11570,0.941798941798942,BASE_SIMULATION_100,SNOW_ALB_THAW_B
0.001,12040,0.98005698005698,BASE_SIMULATION_100,SNOW_ALB_THAW_B
0.002,12162,0.98998778998779,BASE_SIMULATION_100,SNOW_ALB_THAW_B
0.003,12219,0.994627594627595,BASE_SIMULATION_100,SNOW_ALB_THAW_B
0.004,12249,0.997069597069597,BASE_SIMULATION_100,SNOW_ALB_THAW_B
0.005,12258,0.997802197802198,BASE_SIMULATION_100,SNOW_ALB_THAW_B
0.006,12263,0.998209198209198,BASE_SIMULATION_100,SNOW_ALB_THAW_B
0.007,12267,0.998534798534799,BASE_SIMULATION_100,SNOW_ALB_THAW_B
0.008,12271,0.998860398860399,BASE_SIMULATION_100,SNOW_ALB_THAW_B
0.009,12274,0.999104599104599,BASE_SIMULATION_100,SNOW_ALB_THAW_B
0.011,12275,0.999185999185999,BASE_SIMULATION_100,SNOW_ALB_THAW_B
0.012,12276,0.999267399267399,BASE_SIMULATION_100,SNOW_ALB_THAW_B
0.015,12277,0.999348799348799,BASE_SIMULATION_100,SNOW_ALB_THAW_B
0.017,12278,0.999430199430199,BASE_SIMULATION_100,SNOW_ALB_THAW_B
0.018,12280,0.999592999593,BASE_SIMULATION_100,SNOW_ALB_THAW_B
0.02,12281,0.9996743996744,BASE_SIMULATION_100,SNOW_ALB_THAW_B
0.021,12282,0.9997557997558,BASE_SIMULATION_100,SNOW_ALB_THAW_B
0.062,12283,0.9998371998372,BASE_SIMULATION_100,SNOW_ALB_THAW_B
0.066,12284,0.9999185999186,BASE_SIMULATION_100,SNOW_ALB_THAW_B
0.087,12285,1,BASE_SIMULATION_100,SNOW_ALB_THAW_B
